Actor1CountryCode,DATE월,레코드 수
ZWE,2015년 2월,14
ZWE,2015년 4월,2
ZWE,2015년 5월,2
ZWE,2015년 6월,2
ZWE,2015년 7월,1
ZWE,2016년 2월,1
ZWE,2016년 3월,2
ZWE,2016년 4월,9
ZWE,2016년 6월,9
ZWE,2016년 7월,14
ZWE,2016년 8월,2
ZWE,2016년 9월,1
ZWE,2016년 11월,2
ZWE,2017년 1월,3
ZWE,2017년 3월,4
ZWE,2017년 4월,9
ZWE,2017년 5월,3
ZWE,2017년 6월,1
ZWE,2017년 7월,7
ZWE,2017년 8월,7
ZWE,2017년 9월,33
ZWE,2017년 10월,34
ZWE,2017년 11월,21
ZWE,2017년 12월,7
ZWE,2018년 1월,2
ZWE,2018년 2월,9
ZWE,2018년 3월,10
ZWE,2018년 4월,3
ZWE,2018년 5월,9
ZMB,2015년 9월,2
ZMB,2017년 9월,9
ZAF,2015년 2월,6
ZAF,2015년 8월,5
ZAF,2015년 12월,8
ZAF,2016년 1월,4
ZAF,2016년 3월,5
ZAF,2016년 6월,21
ZAF,2016년 7월,2
ZAF,2016년 8월,1
ZAF,2016년 9월,8
ZAF,2017년 1월,4
ZAF,2017년 7월,1
ZAF,2017년 8월,2
ZAF,2017년 9월,6
ZAF,2017년 11월,3
ZAF,2017년 12월,1
ZAF,2018년 1월,1
ZAF,2018년 3월,6
ZAF,2018년 5월,1
ZAF,2018년 6월,2
YEM,2015년 3월,3
YEM,2015년 4월,2
YEM,2015년 5월,3
YEM,2015년 6월,1
YEM,2015년 7월,1
YEM,2015년 8월,12
YEM,2015년 10월,5
YEM,2016년 3월,2
YEM,2016년 7월,2
YEM,2016년 8월,4
YEM,2016년 10월,2
YEM,2016년 11월,3
YEM,2017년 2월,1
YEM,2017년 3월,7
YEM,2017년 4월,7
YEM,2017년 5월,2
YEM,2017년 6월,4
YEM,2017년 7월,8
YEM,2017년 8월,6
YEM,2017년 9월,23
YEM,2017년 10월,9
YEM,2017년 11월,16
YEM,2017년 12월,29
YEM,2018년 1월,6
YEM,2018년 2월,2
YEM,2018년 3월,4
YEM,2018년 4월,17
YEM,2018년 5월,3
WST,2015년 3월,3
WST,2015년 9월,3
WST,2016년 1월,42
WST,2016년 2월,42
WST,2016년 3월,1
WST,2016년 5월,7
WST,2016년 6월,11
WST,2016년 7월,19
WST,2016년 8월,5
WST,2016년 9월,11
WST,2016년 10월,10
WST,2016년 12월,17
WST,2017년 1월,4
WST,2017년 2월,35
WST,2017년 3월,18
WST,2017년 4월,14
WST,2017년 5월,24
WST,2017년 6월,1
WST,2017년 7월,25
WST,2017년 8월,8
WST,2017년 9월,151
WST,2017년 10월,110
WST,2017년 11월,92
WST,2017년 12월,41
WST,2018년 1월,2
WST,2018년 2월,1
WST,2018년 3월,8
WST,2018년 4월,30
WST,2018년 5월,35
WST,2018년 6월,8
WSM,2017년 4월,1
WSM,2017년 9월,10
WSM,2018년 3월,1
WAF,2017년 12월,2
VUT,2015년 8월,1
VUT,2016년 3월,1
VUT,2016년 10월,9
VUT,2018년 6월,2
VNM,2015년 1월,10
VNM,2015년 2월,14
VNM,2015년 3월,15
VNM,2015년 4월,10
VNM,2015년 5월,13
VNM,2015년 6월,2
VNM,2015년 7월,34
VNM,2015년 8월,28
VNM,2015년 9월,10
VNM,2015년 10월,26
VNM,2015년 11월,41
VNM,2015년 12월,30
VNM,2016년 1월,18
VNM,2016년 2월,21
VNM,2016년 3월,12
VNM,2016년 4월,11
VNM,2016년 5월,26
VNM,2016년 6월,33
VNM,2016년 7월,50
VNM,2016년 8월,13
VNM,2016년 9월,41
VNM,2016년 10월,26
VNM,2016년 11월,16
VNM,2016년 12월,17
VNM,2017년 2월,148
VNM,2017년 3월,115
VNM,2017년 4월,38
VNM,2017년 5월,62
VNM,2017년 6월,83
VNM,2017년 7월,18
VNM,2017년 8월,17
VNM,2017년 9월,46
VNM,2017년 10월,94
VNM,2017년 11월,367
VNM,2017년 12월,28
VNM,2018년 1월,61
VNM,2018년 2월,23
VNM,2018년 3월,19
VNM,2018년 4월,7
VNM,2018년 5월,11
VEN,2015년 1월,3
VEN,2015년 3월,6
VEN,2015년 4월,7
VEN,2015년 5월,2
VEN,2015년 7월,11
VEN,2015년 8월,2
VEN,2015년 9월,4
VEN,2015년 10월,18
VEN,2015년 11월,7
VEN,2015년 12월,5
VEN,2016년 1월,4
VEN,2016년 2월,9
VEN,2016년 3월,8
VEN,2016년 4월,4
VEN,2016년 5월,8
VEN,2016년 6월,20
VEN,2016년 8월,3
VEN,2016년 9월,52
VEN,2016년 10월,2
VEN,2016년 11월,6
VEN,2016년 12월,9
VEN,2017년 1월,5
VEN,2017년 3월,3
VEN,2017년 4월,1
VEN,2017년 5월,15
VEN,2017년 6월,10
VEN,2017년 8월,35
VEN,2017년 9월,131
VEN,2017년 10월,49
VEN,2017년 11월,18
VEN,2017년 12월,16
VEN,2018년 1월,6
VEN,2018년 2월,8
VEN,2018년 3월,1
VEN,2018년 4월,37
VEN,2018년 5월,31
VEN,2018년 6월,2
VCT,2017년 8월,2
VAT,2015년 11월,1
VAT,2015년 12월,7
VAT,2016년 1월,9
VAT,2016년 9월,26
VAT,2016년 11월,3
VAT,2017년 1월,1
VAT,2017년 3월,1
VAT,2017년 4월,2
VAT,2017년 5월,8
VAT,2017년 7월,5
VAT,2017년 8월,58
VAT,2017년 9월,5
VAT,2017년 10월,4
VAT,2017년 11월,29
VAT,2017년 12월,17
VAT,2018년 1월,5
VAT,2018년 2월,2
VAT,2018년 3월,9
VAT,2018년 5월,4
UZB,2015년 4월,2
UZB,2015년 10월,1
UZB,2015년 11월,2
UZB,2016년 1월,10
UZB,2016년 2월,1
UZB,2016년 4월,3
UZB,2016년 5월,20
UZB,2016년 6월,1
UZB,2016년 8월,2
UZB,2016년 9월,6
UZB,2016년 11월,4
UZB,2017년 1월,1
UZB,2017년 2월,1
UZB,2017년 9월,2
UZB,2018년 2월,4
UZB,2018년 5월,20
USA,2015년 1월,2030
USA,2015년 2월,850
USA,2015년 3월,715
USA,2015년 4월,695
USA,2015년 5월,902
USA,2015년 6월,546
USA,2015년 7월,745
USA,2015년 8월,910
USA,2015년 9월,803
USA,2015년 10월,1068
USA,2015년 11월,734
USA,2015년 12월,671
USA,2016년 1월,4039
USA,2016년 2월,3956
USA,2016년 3월,5465
USA,2016년 4월,2706
USA,2016년 5월,1874
USA,2016년 6월,1673
USA,2016년 7월,1387
USA,2016년 8월,1234
USA,2016년 9월,3028
USA,2016년 10월,1386
USA,2016년 11월,1169
USA,2016년 12월,885
USA,2017년 1월,1820
USA,2017년 2월,2694
USA,2017년 3월,3972
USA,2017년 4월,10058
USA,2017년 5월,5698
USA,2017년 6월,8094
USA,2017년 7월,6494
USA,2017년 8월,10761
USA,2017년 9월,10314
USA,2017년 10월,6598
USA,2017년 11월,5450
USA,2017년 12월,5676
USA,2018년 1월,4612
USA,2018년 2월,3547
USA,2018년 3월,7980
USA,2018년 4월,5832
USA,2018년 5월,15995
USA,2018년 6월,4583
URY,2015년 1월,1
URY,2015년 3월,1
URY,2016년 1월,3
URY,2016년 11월,3
URY,2016년 12월,18
URY,2017년 12월,2
UKR,2015년 1월,4
UKR,2015년 2월,3
UKR,2015년 3월,9
UKR,2015년 4월,8
UKR,2015년 5월,6
UKR,2015년 6월,3
UKR,2015년 7월,4
UKR,2015년 8월,2
UKR,2015년 9월,7
UKR,2015년 10월,6
UKR,2015년 11월,3
UKR,2015년 12월,4
UKR,2016년 1월,46
UKR,2016년 2월,8
UKR,2016년 3월,2
UKR,2016년 4월,4
UKR,2016년 5월,7
UKR,2016년 7월,9
UKR,2016년 8월,2
UKR,2016년 9월,7
UKR,2016년 10월,5
UKR,2016년 11월,1
UKR,2016년 12월,23
UKR,2017년 1월,4
UKR,2017년 2월,18
UKR,2017년 3월,17
UKR,2017년 4월,8
UKR,2017년 5월,4
UKR,2017년 6월,40
UKR,2017년 7월,22
UKR,2017년 8월,439
UKR,2017년 9월,64
UKR,2017년 10월,28
UKR,2017년 11월,65
UKR,2017년 12월,19
UKR,2018년 1월,16
UKR,2018년 2월,12
UKR,2018년 3월,23
UKR,2018년 4월,7
UKR,2018년 5월,15
UGA,2015년 1월,6
UGA,2015년 3월,2
UGA,2015년 7월,21
UGA,2015년 8월,8
UGA,2015년 10월,17
UGA,2015년 12월,5
UGA,2016년 1월,5
UGA,2016년 2월,1
UGA,2016년 3월,2
UGA,2016년 5월,124
UGA,2016년 6월,86
UGA,2016년 7월,5
UGA,2016년 8월,7
UGA,2016년 9월,1
UGA,2016년 10월,3
UGA,2016년 12월,4
UGA,2017년 3월,8
UGA,2017년 7월,2
UGA,2017년 8월,1
UGA,2017년 9월,19
UGA,2017년 10월,22
UGA,2017년 12월,9
UGA,2018년 3월,2
UGA,2018년 4월,4
UGA,2018년 5월,2
TZA,2015년 2월,4
TZA,2016년 3월,2
TZA,2016년 4월,22
TZA,2016년 8월,2
TZA,2016년 10월,40
TZA,2016년 12월,2
TZA,2017년 1월,3
TZA,2017년 9월,2
TZA,2017년 11월,3
TZA,2017년 12월,2
TZA,2018년 1월,9
TZA,2018년 2월,1
TWN,2015년 1월,7
TWN,2015년 3월,6
TWN,2015년 5월,1
TWN,2015년 6월,3
TWN,2016년 1월,30
TWN,2016년 2월,3
TWN,2016년 5월,4
TWN,2016년 7월,1
TWN,2016년 8월,14
TWN,2016년 9월,11
TWN,2016년 10월,8
TWN,2016년 12월,14
TWN,2017년 1월,5
TWN,2017년 2월,16
TWN,2017년 3월,13
TWN,2017년 4월,25
TWN,2017년 5월,4
TWN,2017년 6월,5
TWN,2017년 7월,41
TWN,2017년 8월,40
TWN,2017년 9월,87
TWN,2017년 10월,7
TWN,2017년 11월,17
TWN,2017년 12월,27
TWN,2018년 1월,60
TWN,2018년 2월,30
TWN,2018년 3월,20
TWN,2018년 4월,13
TWN,2018년 5월,6
TWN,2018년 6월,18
TUV,2016년 3월,2
TUR,2015년 2월,2
TUR,2015년 3월,2
TUR,2015년 4월,5
TUR,2015년 7월,1
TUR,2015년 8월,5
TUR,2015년 9월,4
TUR,2015년 11월,10
TUR,2015년 12월,32
TUR,2016년 1월,23
TUR,2016년 2월,24
TUR,2016년 3월,3
TUR,2016년 4월,6
TUR,2016년 5월,4
TUR,2016년 6월,34
TUR,2016년 7월,8
TUR,2016년 8월,7
TUR,2016년 9월,15
TUR,2016년 10월,5
TUR,2016년 11월,1
TUR,2016년 12월,11
TUR,2017년 1월,1
TUR,2017년 2월,20
TUR,2017년 3월,23
TUR,2017년 4월,19
TUR,2017년 5월,49
TUR,2017년 7월,30
TUR,2017년 8월,17
TUR,2017년 9월,37
TUR,2017년 10월,14
TUR,2017년 11월,8
TUR,2017년 12월,6
TUR,2018년 1월,7
TUR,2018년 2월,8
TUR,2018년 3월,10
TUR,2018년 4월,10
TUR,2018년 5월,12
TUN,2015년 3월,3
TUN,2015년 9월,1
TUN,2015년 11월,2
TUN,2016년 11월,2
TUN,2018년 1월,1
TUN,2018년 5월,1
TUN,2018년 6월,2
TTO,2016년 5월,1
TTO,2017년 3월,2
TTO,2017년 4월,2
TMP,2015년 8월,1
TMP,2016년 6월,1
TMP,2018년 3월,2
TMP,2018년 5월,2
TKM,2015년 8월,4
TKM,2015년 9월,2
TKM,2015년 10월,1
TKM,2016년 2월,2
TKM,2016년 3월,3
TKM,2016년 4월,2
TKM,2017년 1월,3
TKM,2017년 5월,1
TKM,2017년 11월,1
TKM,2018년 1월,1
TKM,2018년 4월,7
TKM,2018년 5월,1
TJK,2015년 4월,2
TJK,2015년 5월,3
TJK,2016년 1월,11
TJK,2016년 4월,3
TJK,2017년 3월,2
TJK,2017년 9월,8
TJK,2018년 1월,1
TJK,2018년 3월,2
TJK,2018년 4월,18
THA,2015년 1월,12
THA,2015년 2월,6
THA,2015년 3월,3
THA,2015년 4월,4
THA,2015년 5월,7
THA,2015년 6월,3
THA,2015년 7월,3
THA,2015년 8월,116
THA,2015년 9월,11
THA,2015년 10월,6
THA,2015년 11월,20
THA,2015년 12월,4
THA,2016년 1월,23
THA,2016년 2월,18
THA,2016년 3월,13
THA,2016년 4월,12
THA,2016년 5월,12
THA,2016년 6월,7
THA,2016년 7월,11
THA,2016년 8월,22
THA,2016년 9월,22
THA,2016년 10월,21
THA,2016년 11월,20
THA,2016년 12월,11
THA,2017년 1월,1
THA,2017년 2월,35
THA,2017년 3월,17
THA,2017년 4월,16
THA,2017년 5월,33
THA,2017년 6월,4
THA,2017년 7월,12
THA,2017년 8월,170
THA,2017년 9월,43
THA,2017년 10월,65
THA,2017년 11월,14
THA,2017년 12월,147
THA,2018년 1월,19
THA,2018년 2월,13
THA,2018년 3월,16
THA,2018년 4월,72
THA,2018년 5월,24
THA,2018년 6월,3
TGO,2015년 3월,3
TGO,2017년 4월,2
TGO,2017년 5월,2
TGO,2018년 4월,2
TCD,2015년 8월,2
TCD,2016년 5월,3
TCD,2016년 8월,2
TCD,2016년 9월,11
TCD,2017년 4월,4
TCD,2017년 5월,1
TCD,2017년 6월,2
TCD,2017년 8월,5
TCD,2017년 9월,60
TCD,2017년 10월,18
TCD,2017년 11월,12
TCD,2017년 12월,10
TCD,2018년 3월,33
TCD,2018년 4월,6
SYR,2015년 1월,11
SYR,2015년 2월,4
SYR,2015년 3월,38
SYR,2015년 4월,19
SYR,2015년 5월,3
SYR,2015년 6월,25
SYR,2015년 7월,19
SYR,2015년 8월,30
SYR,2015년 9월,62
SYR,2015년 10월,13
SYR,2015년 11월,8
SYR,2015년 12월,6
SYR,2016년 1월,30
SYR,2016년 2월,21
SYR,2016년 3월,50
SYR,2016년 4월,4
SYR,2016년 5월,19
SYR,2016년 6월,22
SYR,2016년 7월,32
SYR,2016년 8월,14
SYR,2016년 9월,95
SYR,2016년 10월,47
SYR,2016년 11월,45
SYR,2016년 12월,7
SYR,2017년 1월,6
SYR,2017년 2월,8
SYR,2017년 3월,41
SYR,2017년 4월,1080
SYR,2017년 5월,193
SYR,2017년 6월,62
SYR,2017년 7월,66
SYR,2017년 8월,79
SYR,2017년 9월,202
SYR,2017년 10월,36
SYR,2017년 11월,107
SYR,2017년 12월,95
SYR,2018년 1월,31
SYR,2018년 2월,118
SYR,2018년 3월,148
SYR,2018년 4월,246
SYR,2018년 5월,53
SYR,2018년 6월,390
SWE,2015년 1월,3
SWE,2015년 2월,2
SWE,2015년 3월,8
SWE,2015년 4월,12
SWE,2015년 5월,2
SWE,2015년 6월,6
SWE,2015년 7월,2
SWE,2015년 8월,4
SWE,2015년 9월,5
SWE,2015년 11월,10
SWE,2015년 12월,4
SWE,2016년 1월,15
SWE,2016년 2월,23
SWE,2016년 3월,66
SWE,2016년 5월,8
SWE,2016년 6월,1
SWE,2016년 7월,5
SWE,2016년 9월,8
SWE,2016년 10월,6
SWE,2016년 11월,73
SWE,2016년 12월,7
SWE,2017년 1월,17
SWE,2017년 2월,15
SWE,2017년 3월,7
SWE,2017년 4월,43
SWE,2017년 5월,67
SWE,2017년 6월,59
SWE,2017년 7월,29
SWE,2017년 8월,64
SWE,2017년 9월,57
SWE,2017년 10월,19
SWE,2017년 11월,31
SWE,2017년 12월,40
SWE,2018년 1월,4
SWE,2018년 2월,3
SWE,2018년 3월,841
SWE,2018년 4월,54
SWE,2018년 5월,30
SWE,2018년 6월,8
SVK,2015년 3월,1
SVK,2016년 8월,2
SVK,2017년 1월,1
SVK,2017년 2월,1
SVK,2017년 6월,1
SVK,2017년 7월,1
SVK,2017년 8월,7
SVK,2017년 9월,1
SVK,2017년 10월,16
SVK,2017년 11월,3
SVK,2018년 3월,1
SSD,2015년 4월,5
SSD,2015년 5월,7
SSD,2015년 7월,2
SSD,2015년 9월,1
SSD,2016년 5월,3
SSD,2016년 6월,3
SSD,2016년 8월,3
SSD,2016년 9월,2
SSD,2016년 10월,2
SSD,2016년 11월,1
SSD,2017년 2월,29
SSD,2017년 3월,60
SSD,2017년 4월,16
SSD,2017년 7월,5
SSD,2017년 9월,2
SSD,2017년 10월,7
SSD,2018년 3월,11
SSD,2018년 4월,2
SRB,2015년 4월,2
SRB,2015년 6월,1
SRB,2016년 3월,2
SRB,2016년 4월,2
SRB,2017년 4월,4
SRB,2017년 10월,4
SRB,2017년 11월,8
SRB,2017년 12월,20
SOM,2015년 1월,2
SOM,2015년 2월,1
SOM,2015년 3월,8
SOM,2015년 5월,3
SOM,2015년 6월,8
SOM,2015년 7월,1
SOM,2015년 10월,4
SOM,2016년 11월,1
SOM,2017년 1월,12
SOM,2017년 2월,3
SOM,2017년 3월,4
SOM,2017년 5월,1
SOM,2017년 7월,1
SOM,2017년 8월,6
SOM,2017년 9월,23
SOM,2017년 10월,8
SOM,2017년 11월,5
SOM,2017년 12월,12
SOM,2018년 1월,12
SOM,2018년 2월,2
SOM,2018년 3월,5
SOM,2018년 4월,15
SLV,2015년 4월,3
SLV,2016년 6월,4
SLV,2016년 7월,5
SLV,2016년 8월,2
SLV,2017년 4월,1
SLV,2017년 11월,3
SLV,2018년 1월,1
SLE,2015년 1월,2
SLE,2015년 3월,6
SLE,2015년 6월,1
SLE,2016년 3월,1
SLE,2016년 4월,6
SLE,2016년 11월,1
SLE,2016년 12월,1
SLE,2017년 8월,2
SLE,2017년 11월,2
SLB,2016년 10월,1
SGP,2015년 1월,72
SGP,2015년 2월,10
SGP,2015년 3월,6
SGP,2015년 4월,5
SGP,2015년 5월,8
SGP,2015년 6월,2
SGP,2015년 7월,20
SGP,2015년 8월,9
SGP,2015년 9월,11
SGP,2015년 11월,10
SGP,2015년 12월,82
SGP,2016년 1월,59
SGP,2016년 2월,53
SGP,2016년 3월,45
SGP,2016년 4월,5
SGP,2016년 5월,8
SGP,2016년 6월,9
SGP,2016년 7월,25
SGP,2016년 8월,25
SGP,2016년 9월,32
SGP,2016년 10월,5
SGP,2016년 11월,19
SGP,2017년 1월,9
SGP,2017년 2월,38
SGP,2017년 3월,51
SGP,2017년 4월,85
SGP,2017년 5월,42
SGP,2017년 6월,136
SGP,2017년 7월,43
SGP,2017년 8월,35
SGP,2017년 9월,52
SGP,2017년 10월,47
SGP,2017년 11월,54
SGP,2017년 12월,10
SGP,2018년 1월,3
SGP,2018년 2월,10
SGP,2018년 3월,49
SGP,2018년 4월,278
SGP,2018년 5월,2044
SGP,2018년 6월,2234
SEN,2015년 7월,2
SEN,2017년 2월,4
SEN,2017년 5월,1
SEN,2017년 12월,2
SEA,2015년 1월,1
SEA,2015년 2월,4
SEA,2015년 4월,2
SEA,2015년 5월,3
SEA,2015년 6월,12
SEA,2015년 7월,4
SEA,2015년 8월,60
SEA,2015년 9월,4
SEA,2015년 10월,4
SEA,2015년 11월,6
SEA,2015년 12월,1
SEA,2016년 1월,10
SEA,2016년 2월,34
SEA,2016년 3월,2
SEA,2016년 4월,9
SEA,2016년 5월,14
SEA,2016년 6월,7
SEA,2016년 7월,69
SEA,2016년 8월,13
SEA,2016년 9월,23
SEA,2016년 10월,8
SEA,2016년 11월,4
SEA,2016년 12월,2
SEA,2017년 1월,3
SEA,2017년 2월,87
SEA,2017년 3월,49
SEA,2017년 4월,178
SEA,2017년 5월,206
SEA,2017년 6월,8
SEA,2017년 7월,47
SEA,2017년 8월,647
SEA,2017년 9월,61
SEA,2017년 10월,115
SEA,2017년 11월,107
SEA,2017년 12월,18
SEA,2018년 1월,26
SEA,2018년 2월,14
SEA,2018년 3월,80
SEA,2018년 4월,21
SEA,2018년 5월,57
SEA,2018년 6월,14
SDN,2015년 6월,4
SDN,2015년 8월,9
SDN,2015년 9월,1
SDN,2015년 10월,1
SDN,2015년 11월,3
SDN,2016년 2월,5
SDN,2016년 6월,2
SDN,2016년 8월,4
SDN,2016년 9월,5
SDN,2016년 10월,2
SDN,2016년 11월,8
SDN,2017년 3월,2
SDN,2017년 6월,4
SDN,2017년 7월,13
SDN,2017년 8월,3
SDN,2017년 9월,11
SDN,2017년 10월,64
SDN,2017년 11월,66
SDN,2017년 12월,10
SDN,2018년 3월,10
SDN,2018년 4월,6
SDN,2018년 5월,4
SDN,2018년 6월,18
SAU,2015년 1월,7
SAU,2015년 3월,25
SAU,2015년 5월,12
SAU,2015년 6월,6
SAU,2015년 7월,5
SAU,2015년 8월,4
SAU,2015년 9월,1
SAU,2015년 10월,1
SAU,2015년 11월,2
SAU,2015년 12월,3
SAU,2016년 1월,30
SAU,2016년 3월,8
SAU,2016년 4월,3
SAU,2016년 5월,6
SAU,2016년 6월,2
SAU,2016년 7월,1
SAU,2016년 9월,5
SAU,2016년 10월,5
SAU,2016년 11월,7
SAU,2017년 1월,2
SAU,2017년 2월,12
SAU,2017년 3월,29
SAU,2017년 4월,64
SAU,2017년 5월,40
SAU,2017년 6월,12
SAU,2017년 7월,9
SAU,2017년 8월,9
SAU,2017년 9월,18
SAU,2017년 10월,17
SAU,2017년 11월,43
SAU,2017년 12월,8
SAU,2018년 1월,1
SAU,2018년 2월,4
SAU,2018년 3월,32
SAU,2018년 4월,39
SAU,2018년 5월,13
SAU,2018년 6월,2
SAS,2015년 1월,2
SAS,2015년 7월,5
SAS,2016년 8월,1
SAS,2017년 3월,2
SAS,2017년 8월,6
SAS,2017년 9월,2
SAS,2017년 11월,1
SAS,2018년 1월,2
SAS,2018년 5월,3
SAF,2018년 4월,2
RWA,2015년 4월,1
RWA,2015년 6월,1
RWA,2016년 7월,2
RWA,2018년 1월,2
RWA,2018년 3월,2
RUS,2015년 1월,380
RUS,2015년 2월,300
RUS,2015년 3월,376
RUS,2015년 4월,416
RUS,2015년 5월,374
RUS,2015년 6월,163
RUS,2015년 7월,152
RUS,2015년 8월,170
RUS,2015년 9월,227
RUS,2015년 10월,173
RUS,2015년 11월,179
RUS,2015년 12월,172
RUS,2016년 1월,556
RUS,2016년 2월,695
RUS,2016년 3월,535
RUS,2016년 4월,263
RUS,2016년 5월,463
RUS,2016년 6월,191
RUS,2016년 7월,264
RUS,2016년 8월,201
RUS,2016년 9월,434
RUS,2016년 10월,250
RUS,2016년 11월,127
RUS,2016년 12월,96
RUS,2017년 1월,208
RUS,2017년 2월,358
RUS,2017년 3월,331
RUS,2017년 4월,1491
RUS,2017년 5월,1260
RUS,2017년 6월,468
RUS,2017년 7월,1788
RUS,2017년 8월,1818
RUS,2017년 9월,3441
RUS,2017년 10월,1174
RUS,2017년 11월,1027
RUS,2017년 12월,1733
RUS,2018년 1월,945
RUS,2018년 2월,464
RUS,2018년 3월,958
RUS,2018년 4월,851
RUS,2018년 5월,1088
RUS,2018년 6월,681
QAT,2015년 1월,10
QAT,2015년 2월,6
QAT,2015년 4월,2
QAT,2015년 5월,19
QAT,2015년 8월,2
QAT,2015년 9월,8
QAT,2015년 10월,8
QAT,2015년 11월,7
QAT,2015년 12월,4
QAT,2016년 1월,7
QAT,2016년 2월,9
QAT,2016년 3월,5
QAT,2016년 4월,5
QAT,2016년 6월,2
QAT,2016년 7월,3
QAT,2016년 8월,2
QAT,2016년 9월,3
QAT,2017년 2월,3
QAT,2017년 3월,2
QAT,2017년 4월,7
QAT,2017년 5월,13
QAT,2017년 6월,10
QAT,2017년 7월,20
QAT,2017년 8월,3
QAT,2017년 9월,31
QAT,2017년 10월,20
QAT,2017년 11월,3
QAT,2017년 12월,1
QAT,2018년 1월,22
QAT,2018년 2월,8
QAT,2018년 3월,13
QAT,2018년 4월,5
QAT,2018년 5월,17
QAT,2018년 6월,1
PSE,2015년 2월,4
PSE,2015년 3월,3
PSE,2015년 4월,5
PSE,2015년 8월,10
PSE,2015년 9월,5
PSE,2015년 11월,1
PSE,2016년 3월,5
PSE,2016년 4월,2
PSE,2016년 5월,8
PSE,2016년 6월,1
PSE,2016년 7월,1
PSE,2016년 9월,4
PSE,2017년 2월,2
PSE,2017년 3월,8
PSE,2017년 4월,3
PSE,2017년 5월,28
PSE,2017년 6월,8
PSE,2017년 7월,3
PSE,2017년 8월,47
PSE,2017년 9월,25
PSE,2017년 10월,2
PSE,2017년 11월,9
PSE,2017년 12월,9
PSE,2018년 1월,9
PSE,2018년 2월,2
PSE,2018년 4월,10
PSE,2018년 5월,9
PSE,2018년 6월,11
PRT,2015년 7월,1
PRT,2015년 12월,5
PRT,2016년 2월,6
PRT,2017년 2월,29
PRT,2017년 3월,10
PRT,2017년 4월,9
PRT,2017년 5월,10
PRT,2017년 7월,13
PRT,2017년 8월,1
PRT,2017년 9월,154
PRT,2017년 10월,7
PRT,2017년 11월,13
PRT,2017년 12월,41
PRT,2018년 1월,15
PRT,2018년 2월,35
PRT,2018년 3월,40
PRT,2018년 4월,12
PRT,2018년 5월,28
PRK,2015년 1월,520
PRK,2015년 2월,315
PRK,2015년 3월,451
PRK,2015년 4월,459
PRK,2015년 5월,634
PRK,2015년 6월,362
PRK,2015년 7월,430
PRK,2015년 8월,714
PRK,2015년 9월,341
PRK,2015년 10월,495
PRK,2015년 11월,355
PRK,2015년 12월,403
PRK,2016년 1월,925
PRK,2016년 2월,1135
PRK,2016년 3월,1052
PRK,2016년 4월,828
PRK,2016년 5월,907
PRK,2016년 6월,576
PRK,2016년 7월,411
PRK,2016년 8월,658
PRK,2016년 9월,755
PRK,2016년 10월,373
PRK,2016년 11월,370
PRK,2016년 12월,476
PRK,2017년 1월,567
PRK,2017년 2월,2092
PRK,2017년 3월,1938
PRK,2017년 4월,2992
PRK,2017년 5월,1866
PRK,2017년 6월,1487
PRK,2017년 7월,1267
PRK,2017년 8월,2784
PRK,2017년 9월,3047
PRK,2017년 10월,2079
PRK,2017년 11월,2127
PRK,2017년 12월,1806
PRK,2018년 1월,1153
PRK,2018년 2월,1576
PRK,2018년 3월,2075
PRK,2018년 4월,1872
PRK,2018년 5월,4684
PRK,2018년 6월,1477
POL,2015년 1월,2
POL,2015년 2월,1
POL,2015년 4월,3
POL,2015년 5월,7
POL,2015년 6월,10
POL,2015년 7월,6
POL,2015년 9월,7
POL,2015년 10월,16
POL,2015년 12월,3
POL,2016년 1월,9
POL,2016년 2월,22
POL,2016년 3월,7
POL,2016년 4월,6
POL,2016년 5월,6
POL,2016년 6월,26
POL,2016년 9월,38
POL,2016년 10월,7
POL,2016년 11월,4
POL,2016년 12월,2
POL,2017년 1월,11
POL,2017년 2월,3
POL,2017년 3월,9
POL,2017년 4월,9
POL,2017년 5월,16
POL,2017년 6월,2
POL,2017년 7월,260
POL,2017년 8월,9
POL,2017년 9월,41
POL,2017년 10월,11
POL,2017년 11월,6
POL,2017년 12월,10
POL,2018년 1월,7
POL,2018년 3월,13
POL,2018년 4월,7
POL,2018년 5월,4
PNG,2017년 1월,2
PNG,2017년 9월,1
PNG,2018년 3월,2
PNG,2018년 6월,3
PLW,2016년 9월,3
PLW,2017년 8월,16
PLW,2017년 9월,6
PLW,2018년 5월,2
PHL,2015년 1월,5
PHL,2015년 2월,3
PHL,2015년 4월,3
PHL,2015년 5월,1
PHL,2015년 6월,5
PHL,2015년 8월,14
PHL,2015년 10월,1
PHL,2015년 11월,11
PHL,2015년 12월,1
PHL,2016년 1월,20
PHL,2016년 2월,40
PHL,2016년 3월,363
PHL,2016년 4월,18
PHL,2016년 5월,11
PHL,2016년 6월,7
PHL,2016년 7월,23
PHL,2016년 8월,43
PHL,2016년 9월,24
PHL,2016년 10월,14
PHL,2016년 11월,23
PHL,2016년 12월,6
PHL,2017년 1월,21
PHL,2017년 2월,8
PHL,2017년 3월,11
PHL,2017년 4월,197
PHL,2017년 5월,354
PHL,2017년 6월,15
PHL,2017년 7월,72
PHL,2017년 8월,770
PHL,2017년 9월,261
PHL,2017년 10월,271
PHL,2017년 11월,311
PHL,2017년 12월,33
PHL,2018년 1월,40
PHL,2018년 2월,6
PHL,2018년 3월,16
PHL,2018년 4월,22
PHL,2018년 5월,35
PHL,2018년 6월,44
PGS,2015년 5월,3
PGS,2015년 7월,2
PGS,2015년 8월,1
PGS,2017년 4월,7
PGS,2017년 6월,22
PGS,2017년 8월,5
PGS,2017년 9월,2
PGS,2017년 10월,4
PER,2015년 2월,1
PER,2015년 3월,4
PER,2015년 4월,3
PER,2015년 6월,1
PER,2016년 1월,3
PER,2016년 5월,3
PER,2016년 7월,1
PER,2016년 9월,4
PER,2016년 10월,2
PER,2016년 11월,9
PER,2017년 2월,4
PER,2017년 4월,2
PER,2017년 8월,32
PER,2017년 9월,94
PER,2017년 10월,13
PER,2017년 11월,10
PER,2017년 12월,103
PER,2018년 1월,10
PER,2018년 2월,6
PER,2018년 3월,6
PER,2018년 4월,4
PER,2018년 5월,1
PAN,2015년 1월,3
PAN,2015년 2월,8
PAN,2015년 3월,17
PAN,2015년 4월,30
PAN,2015년 5월,3
PAN,2015년 6월,16
PAN,2015년 7월,16
PAN,2015년 8월,4
PAN,2015년 9월,2
PAN,2015년 10월,5
PAN,2015년 11월,1
PAN,2015년 12월,4
PAN,2016년 1월,8
PAN,2016년 2월,2
PAN,2016년 3월,10
PAN,2016년 4월,25
PAN,2016년 5월,5
PAN,2016년 7월,1
PAN,2016년 10월,3
PAN,2016년 11월,2
PAN,2016년 12월,4
PAN,2017년 2월,3
PAN,2017년 3월,6
PAN,2017년 4월,1
PAN,2017년 8월,7
PAN,2017년 9월,2
PAN,2017년 11월,8
PAN,2017년 12월,10
PAN,2018년 1월,8
PAN,2018년 2월,13
PAN,2018년 3월,9
PAN,2018년 4월,2
PAN,2018년 5월,24
PAN,2018년 6월,8
PAK,2015년 1월,8
PAK,2015년 2월,12
PAK,2015년 3월,18
PAK,2015년 4월,45
PAK,2015년 5월,33
PAK,2015년 6월,30
PAK,2015년 7월,21
PAK,2015년 8월,29
PAK,2015년 9월,24
PAK,2015년 10월,54
PAK,2015년 11월,26
PAK,2015년 12월,14
PAK,2016년 1월,72
PAK,2016년 2월,27
PAK,2016년 3월,44
PAK,2016년 4월,31
PAK,2016년 5월,27
PAK,2016년 6월,346
PAK,2016년 7월,38
PAK,2016년 8월,48
PAK,2016년 9월,127
PAK,2016년 10월,59
PAK,2016년 11월,6
PAK,2016년 12월,6
PAK,2017년 1월,11
PAK,2017년 2월,43
PAK,2017년 3월,21
PAK,2017년 4월,44
PAK,2017년 5월,22
PAK,2017년 6월,31
PAK,2017년 7월,34
PAK,2017년 8월,45
PAK,2017년 9월,223
PAK,2017년 10월,49
PAK,2017년 11월,63
PAK,2017년 12월,20
PAK,2018년 1월,100
PAK,2018년 2월,16
PAK,2018년 3월,12
PAK,2018년 4월,15
PAK,2018년 5월,21
PAK,2018년 6월,3
OMN,2015년 5월,1
OMN,2015년 9월,1
OMN,2016년 8월,2
OMN,2016년 12월,7
OMN,2017년 2월,2
OMN,2017년 8월,5
OMN,2018년 2월,1
OMN,2018년 3월,10
OMN,2018년 4월,9
OMN,2018년 5월,4
OMN,2018년 6월,6
NZL,2015년 1월,3
NZL,2015년 3월,1
NZL,2015년 4월,3
NZL,2015년 6월,6
NZL,2015년 7월,6
NZL,2015년 9월,6
NZL,2015년 10월,1
NZL,2015년 12월,2
NZL,2016년 1월,34
NZL,2016년 2월,33
NZL,2016년 3월,29
NZL,2016년 4월,2
NZL,2016년 5월,10
NZL,2016년 6월,6
NZL,2016년 8월,4
NZL,2016년 9월,17
NZL,2016년 10월,14
NZL,2016년 11월,9
NZL,2016년 12월,28
NZL,2017년 2월,2
NZL,2017년 3월,15
NZL,2017년 4월,44
NZL,2017년 5월,21
NZL,2017년 6월,27
NZL,2017년 7월,33
NZL,2017년 8월,55
NZL,2017년 9월,27
NZL,2017년 10월,47
NZL,2017년 11월,38
NZL,2017년 12월,30
NZL,2018년 1월,25
NZL,2018년 2월,43
NZL,2018년 3월,20
NZL,2018년 4월,6
NZL,2018년 5월,19
NZL,2018년 6월,4
NRU,2017년 9월,4
NPL,2015년 2월,1
NPL,2015년 3월,1
NPL,2015년 5월,2
NPL,2015년 8월,1
NPL,2015년 9월,3
NPL,2016년 1월,6
NPL,2016년 3월,2
NPL,2016년 4월,6
NPL,2016년 5월,10
NPL,2016년 6월,6
NPL,2016년 7월,4
NPL,2016년 8월,4
NPL,2016년 9월,13
NPL,2016년 10월,2
NPL,2016년 11월,3
NPL,2017년 3월,1
NPL,2017년 4월,2
NPL,2017년 5월,2
NPL,2017년 8월,10
NPL,2017년 9월,9
NPL,2018년 1월,3
NPL,2018년 4월,4
NPL,2018년 5월,3
NPL,2018년 6월,9
NOR,2015년 2월,3
NOR,2015년 4월,3
NOR,2015년 5월,2
NOR,2015년 6월,6
NOR,2015년 7월,13
NOR,2015년 8월,8
NOR,2015년 9월,4
NOR,2015년 10월,2
NOR,2015년 11월,4
NOR,2016년 1월,1
NOR,2016년 2월,18
NOR,2016년 3월,1
NOR,2016년 5월,1
NOR,2016년 7월,4
NOR,2016년 8월,3
NOR,2016년 9월,42
NOR,2016년 11월,9
NOR,2017년 1월,14
NOR,2017년 2월,1
NOR,2017년 3월,1
NOR,2017년 4월,16
NOR,2017년 5월,125
NOR,2017년 6월,39
NOR,2017년 7월,4
NOR,2017년 8월,5
NOR,2017년 9월,45
NOR,2017년 10월,16
NOR,2017년 11월,7
NOR,2017년 12월,62
NOR,2018년 1월,4
NOR,2018년 2월,12
NOR,2018년 4월,3
NOR,2018년 5월,18
NMR,2015년 2월,4
NMR,2015년 4월,22
NMR,2015년 7월,5
NMR,2015년 9월,5
NMR,2015년 10월,18
NMR,2016년 1월,5
NMR,2016년 2월,18
NMR,2016년 3월,2
NMR,2016년 4월,36
NMR,2016년 5월,8
NMR,2016년 6월,2
NMR,2016년 7월,1
NMR,2016년 8월,29
NMR,2016년 9월,6
NMR,2016년 10월,5
NMR,2016년 12월,4
NMR,2017년 2월,6
NMR,2017년 4월,27
NMR,2017년 5월,45
NMR,2017년 6월,1
NMR,2017년 7월,56
NMR,2017년 8월,12
NMR,2017년 9월,57
NMR,2017년 10월,2
NMR,2017년 11월,23
NMR,2017년 12월,6
NMR,2018년 3월,1
NMR,2018년 4월,1
NMR,2018년 5월,9
NMR,2018년 6월,1
NLD,2015년 1월,9
NLD,2015년 2월,2
NLD,2015년 3월,1
NLD,2015년 6월,7
NLD,2015년 7월,19
NLD,2015년 8월,6
NLD,2015년 11월,2
NLD,2015년 12월,18
NLD,2016년 1월,4
NLD,2016년 2월,3
NLD,2016년 3월,1
NLD,2016년 4월,2
NLD,2016년 5월,1
NLD,2016년 6월,8
NLD,2016년 8월,5
NLD,2016년 9월,2
NLD,2016년 11월,6
NLD,2017년 1월,8
NLD,2017년 2월,5
NLD,2017년 3월,27
NLD,2017년 4월,4
NLD,2017년 5월,4
NLD,2017년 8월,8
NLD,2017년 9월,14
NLD,2017년 10월,5
NLD,2017년 11월,6
NLD,2017년 12월,1
NLD,2018년 1월,2
NLD,2018년 2월,12
NLD,2018년 3월,15
NLD,2018년 4월,2
NLD,2018년 5월,11
NLD,2018년 6월,4
NIC,2015년 2월,1
NIC,2015년 10월,2
NIC,2017년 1월,15
NIC,2017년 2월,1
NIC,2017년 5월,5
NIC,2017년 6월,3
NIC,2017년 9월,10
NIC,2017년 10월,1
NIC,2018년 3월,2
NIC,2018년 4월,3
NIC,2018년 5월,7
NGA,2015년 1월,2
NGA,2015년 2월,3
NGA,2015년 4월,6
NGA,2015년 5월,2
NGA,2015년 7월,5
NGA,2015년 8월,14
NGA,2015년 10월,3
NGA,2015년 11월,4
NGA,2016년 1월,19
NGA,2016년 2월,30
NGA,2016년 4월,9
NGA,2016년 5월,4
NGA,2016년 6월,10
NGA,2016년 7월,3
NGA,2016년 8월,13
NGA,2016년 9월,5
NGA,2016년 12월,5
NGA,2017년 1월,5
NGA,2017년 2월,7
NGA,2017년 3월,4
NGA,2017년 4월,14
NGA,2017년 5월,33
NGA,2017년 6월,3
NGA,2017년 7월,8
NGA,2017년 8월,6
NGA,2017년 9월,56
NGA,2017년 10월,5
NGA,2017년 11월,5
NGA,2018년 1월,7
NGA,2018년 2월,13
NGA,2018년 3월,55
NGA,2018년 4월,16
NGA,2018년 5월,32
NGA,2018년 6월,1
NER,2016년 4월,2
NER,2017년 10월,3
NER,2017년 11월,2
NAM,2015년 6월,5
NAM,2016년 3월,9
NAM,2016년 4월,27
NAM,2016년 6월,21
NAM,2016년 7월,34
NAM,2016년 8월,1
NAM,2016년 9월,1
NAM,2016년 10월,2
NAM,2017년 3월,9
NAM,2017년 5월,1
NAM,2017년 7월,10
NAM,2017년 9월,10
NAM,2017년 10월,38
NAM,2017년 11월,4
NAM,2017년 12월,2
NAM,2018년 3월,1
NAM,2018년 4월,1
MYS,2015년 1월,3
MYS,2015년 2월,5
MYS,2015년 3월,3
MYS,2015년 6월,9
MYS,2015년 7월,12
MYS,2015년 8월,64
MYS,2015년 9월,5
MYS,2015년 11월,12
MYS,2016년 1월,12
MYS,2016년 2월,42
MYS,2016년 3월,41
MYS,2016년 4월,2
MYS,2016년 5월,3
MYS,2016년 6월,1
MYS,2016년 7월,10
MYS,2016년 8월,10
MYS,2016년 9월,26
MYS,2016년 10월,95
MYS,2016년 11월,15
MYS,2016년 12월,18
MYS,2017년 1월,43
MYS,2017년 2월,7060
MYS,2017년 3월,7161
MYS,2017년 4월,629
MYS,2017년 5월,185
MYS,2017년 6월,92
MYS,2017년 7월,127
MYS,2017년 8월,137
MYS,2017년 9월,236
MYS,2017년 10월,477
MYS,2017년 11월,246
MYS,2017년 12월,97
MYS,2018년 1월,55
MYS,2018년 2월,103
MYS,2018년 3월,192
MYS,2018년 4월,74
MYS,2018년 5월,48
MYS,2018년 6월,7
MUS,2017년 3월,3
MRT,2016년 9월,2
MOZ,2015년 5월,2
MOZ,2015년 6월,2
MOZ,2015년 8월,2
MOZ,2015년 10월,2
MOZ,2015년 12월,9
MOZ,2016년 1월,1
MOZ,2016년 5월,8
MOZ,2016년 6월,2
MOZ,2016년 7월,4
MOZ,2016년 9월,2
MOZ,2017년 3월,5
MOZ,2017년 9월,11
MOZ,2017년 10월,2
MOZ,2017년 11월,3
MOZ,2017년 12월,2
MOZ,2018년 2월,12
MOZ,2018년 3월,4
MNG,2015년 2월,44
MNG,2015년 3월,9
MNG,2015년 5월,16
MNG,2015년 6월,28
MNG,2015년 7월,21
MNG,2015년 8월,17
MNG,2015년 9월,15
MNG,2015년 10월,44
MNG,2015년 11월,15
MNG,2015년 12월,11
MNG,2016년 1월,6
MNG,2016년 3월,15
MNG,2016년 4월,16
MNG,2016년 5월,30
MNG,2016년 6월,2
MNG,2016년 7월,26
MNG,2016년 8월,13
MNG,2016년 9월,10
MNG,2016년 10월,12
MNG,2016년 11월,7
MNG,2016년 12월,6
MNG,2017년 1월,1
MNG,2017년 2월,5
MNG,2017년 3월,14
MNG,2017년 6월,7
MNG,2017년 7월,6
MNG,2017년 8월,7
MNG,2017년 9월,21
MNG,2017년 10월,8
MNG,2017년 11월,7
MNG,2017년 12월,5
MNG,2018년 1월,18
MNG,2018년 2월,9
MNG,2018년 3월,32
MNG,2018년 4월,44
MNG,2018년 5월,6
MNG,2018년 6월,11
MMR,2015년 1월,16
MMR,2015년 2월,9
MMR,2015년 3월,12
MMR,2015년 4월,8
MMR,2015년 5월,2
MMR,2015년 6월,2
MMR,2015년 7월,2
MMR,2015년 8월,28
MMR,2015년 9월,11
MMR,2015년 10월,31
MMR,2015년 11월,12
MMR,2015년 12월,3
MMR,2016년 1월,36
MMR,2016년 2월,6
MMR,2016년 3월,13
MMR,2016년 4월,8
MMR,2016년 5월,3
MMR,2016년 6월,5
MMR,2016년 7월,10
MMR,2016년 8월,6
MMR,2016년 9월,12
MMR,2016년 10월,5
MMR,2016년 12월,4
MMR,2017년 1월,1
MMR,2017년 2월,90
MMR,2017년 3월,22
MMR,2017년 4월,25
MMR,2017년 5월,7
MMR,2017년 6월,3
MMR,2017년 7월,86
MMR,2017년 8월,22
MMR,2017년 9월,41
MMR,2017년 10월,12
MMR,2017년 11월,33
MMR,2017년 12월,5
MMR,2018년 1월,8
MMR,2018년 2월,23
MMR,2018년 3월,30
MMR,2018년 4월,6
MMR,2018년 5월,7
MMR,2018년 6월,8
MLT,2015년 3월,3
MLT,2015년 8월,12
MLT,2015년 9월,3
MLT,2016년 2월,1
MLT,2016년 6월,1
MLT,2016년 7월,72
MLT,2016년 8월,10
MLT,2017년 3월,1
MLT,2017년 4월,9
MLT,2017년 5월,4
MLT,2017년 6월,2
MLT,2017년 8월,2
MLI,2015년 8월,2
MLI,2015년 10월,1
MLI,2016년 6월,3
MLI,2017년 2월,6
MLI,2017년 6월,1
MLI,2017년 9월,4
MLI,2017년 12월,2
MKD,2015년 5월,2
MKD,2018년 5월,2
MHL,2015년 11월,2
MHL,2015년 12월,1
MHL,2016년 2월,3
MHL,2017년 5월,1
MHL,2017년 6월,1
MEX,2015년 1월,5
MEX,2015년 3월,1
MEX,2015년 4월,53
MEX,2015년 5월,1
MEX,2015년 6월,7
MEX,2015년 7월,5
MEX,2015년 8월,3
MEX,2015년 10월,2
MEX,2016년 1월,2
MEX,2016년 2월,4
MEX,2016년 3월,11
MEX,2016년 4월,49
MEX,2016년 5월,10
MEX,2016년 6월,9
MEX,2016년 7월,1
MEX,2016년 8월,2
MEX,2016년 9월,6
MEX,2016년 10월,3
MEX,2016년 11월,4
MEX,2016년 12월,3
MEX,2017년 1월,14
MEX,2017년 2월,14
MEX,2017년 3월,14
MEX,2017년 4월,11
MEX,2017년 5월,12
MEX,2017년 6월,14
MEX,2017년 7월,8
MEX,2017년 8월,15
MEX,2017년 9월,252
MEX,2017년 10월,24
MEX,2017년 11월,16
MEX,2017년 12월,20
MEX,2018년 1월,6
MEX,2018년 2월,6
MEX,2018년 3월,32
MEX,2018년 4월,12
MEX,2018년 5월,118
MEX,2018년 6월,17
MEA,2017년 12월,1
MEA,2018년 4월,1
MDV,2015년 2월,1
MDV,2015년 3월,1
MDV,2015년 9월,7
MDV,2015년 12월,1
MDV,2016년 1월,5
MDV,2016년 4월,10
MDV,2016년 5월,8
MDV,2016년 6월,2
MDV,2016년 7월,3
MDV,2016년 8월,1
MDV,2016년 9월,1
MDV,2017년 2월,13
MDV,2017년 3월,9
MDV,2017년 6월,1
MDV,2017년 7월,3
MDV,2017년 8월,3
MDV,2017년 9월,6
MDV,2017년 10월,3
MDV,2017년 11월,3
MDV,2017년 12월,2
MDV,2018년 1월,2
MDV,2018년 2월,32
MDV,2018년 3월,55
MDV,2018년 5월,10
MDG,2015년 3월,3
MDG,2015년 6월,4
MDG,2016년 7월,2
MDG,2016년 10월,1
MDA,2015년 6월,3
MDA,2017년 2월,1
MDA,2017년 3월,3
MDA,2017년 7월,2
MDA,2017년 9월,2
MCO,2015년 2월,1
MCO,2015년 5월,2
MCO,2015년 6월,2
MCO,2015년 9월,2
MCO,2015년 10월,4
MCO,2017년 2월,1
MCO,2017년 8월,1
MCO,2017년 9월,2
MCO,2018년 1월,2
MCO,2018년 5월,3
MAR,2015년 12월,2
MAR,2016년 2월,27
MAR,2016년 7월,1
MAR,2017년 1월,2
MAR,2017년 8월,2
MAC,2016년 2월,6
MAC,2016년 3월,2
LVA,2016년 2월,4
LVA,2016년 3월,3
LVA,2016년 9월,1
LVA,2016년 10월,1
LVA,2016년 11월,3
LVA,2017년 2월,8
LVA,2017년 6월,2
LVA,2017년 7월,30
LVA,2017년 9월,3
LVA,2017년 10월,1
LVA,2018년 1월,6
LVA,2018년 2월,10
LVA,2018년 3월,5
LVA,2018년 6월,2
LUX,2015년 3월,1
LUX,2015년 8월,5
LUX,2016년 9월,1
LUX,2017년 3월,1
LUX,2017년 8월,1
LUX,2017년 10월,16
LTU,2015년 1월,3
LTU,2015년 3월,1
LTU,2015년 6월,6
LTU,2016년 9월,2
LTU,2016년 11월,4
LTU,2017년 6월,2
LTU,2017년 7월,1
LTU,2017년 8월,6
LTU,2017년 9월,7
LTU,2017년 12월,2
LTU,2018년 1월,7
LTU,2018년 2월,3
LKA,2015년 3월,1
LKA,2015년 4월,3
LKA,2015년 8월,6
LKA,2015년 12월,1
LKA,2016년 1월,3
LKA,2016년 2월,7
LKA,2016년 3월,25
LKA,2016년 4월,25
LKA,2016년 5월,3
LKA,2016년 9월,18
LKA,2016년 12월,2
LKA,2017년 3월,7
LKA,2017년 4월,1
LKA,2017년 5월,4
LKA,2017년 7월,7
LKA,2017년 8월,8
LKA,2017년 9월,28
LKA,2017년 10월,38
LKA,2017년 11월,9
LKA,2017년 12월,7
LKA,2018년 1월,2
LKA,2018년 2월,11
LKA,2018년 3월,10
LKA,2018년 4월,2
LKA,2018년 5월,7
LIE,2016년 5월,7
LCA,2016년 8월,1
LBY,2015년 2월,2
LBY,2015년 4월,11
LBY,2015년 5월,11
LBY,2015년 6월,15
LBY,2015년 8월,17
LBY,2015년 9월,3
LBY,2015년 10월,23
LBY,2015년 11월,9
LBY,2015년 12월,2
LBY,2016년 1월,14
LBY,2016년 2월,3
LBY,2016년 3월,5
LBY,2016년 4월,12
LBY,2016년 5월,6
LBY,2016년 6월,11
LBY,2016년 7월,3
LBY,2016년 8월,1
LBY,2016년 9월,23
LBY,2016년 10월,1
LBY,2016년 11월,9
LBY,2016년 12월,1
LBY,2017년 1월,5
LBY,2017년 2월,11
LBY,2017년 3월,22
LBY,2017년 4월,9
LBY,2017년 5월,2
LBY,2017년 6월,2
LBY,2017년 7월,20
LBY,2017년 8월,9
LBY,2017년 9월,56
LBY,2017년 10월,39
LBY,2017년 11월,17
LBY,2017년 12월,32
LBY,2018년 1월,12
LBY,2018년 2월,6
LBY,2018년 3월,29
LBY,2018년 4월,68
LBY,2018년 5월,457
LBY,2018년 6월,75
LBR,2015년 9월,2
LBR,2017년 7월,2
LBN,2016년 1월,13
LBN,2016년 2월,3
LBN,2016년 3월,1
LBN,2016년 6월,2
LBN,2016년 7월,3
LBN,2016년 8월,2
LBN,2016년 9월,2
LBN,2017년 3월,3
LBN,2017년 4월,9
LBN,2017년 5월,1
LBN,2017년 6월,2
LBN,2017년 7월,1
LBN,2017년 8월,15
LBN,2017년 11월,6
LBN,2017년 12월,4
LBN,2018년 1월,4
LBN,2018년 4월,2
LAO,2015년 1월,4
LAO,2015년 2월,4
LAO,2015년 3월,4
LAO,2015년 5월,2
LAO,2015년 6월,2
LAO,2015년 7월,27
LAO,2015년 8월,2
LAO,2015년 9월,1
LAO,2015년 10월,8
LAO,2015년 12월,4
LAO,2016년 1월,19
LAO,2016년 2월,15
LAO,2016년 3월,17
LAO,2016년 4월,4
LAO,2016년 5월,7
LAO,2016년 6월,28
LAO,2016년 7월,149
LAO,2016년 8월,10
LAO,2016년 9월,92
LAO,2016년 10월,13
LAO,2016년 11월,2
LAO,2017년 4월,3
LAO,2017년 5월,1
LAO,2017년 8월,1
LAO,2017년 9월,2
LAO,2017년 10월,1
LAO,2017년 11월,1
LAO,2017년 12월,7
LAO,2018년 2월,7
LAO,2018년 3월,4
KWT,2015년 1월,1
KWT,2015년 2월,3
KWT,2015년 3월,5
KWT,2015년 4월,3
KWT,2015년 5월,3
KWT,2015년 7월,2
KWT,2015년 11월,2
KWT,2016년 1월,1
KWT,2016년 4월,10
KWT,2016년 6월,6
KWT,2016년 8월,8
KWT,2016년 9월,2
KWT,2016년 10월,4
KWT,2017년 2월,3
KWT,2017년 3월,9
KWT,2017년 6월,6
KWT,2017년 8월,106
KWT,2017년 9월,125
KWT,2017년 10월,19
KWT,2017년 11월,16
KWT,2017년 12월,12
KWT,2018년 2월,2
KWT,2018년 4월,8
KOR,2015년 1월,1468
KOR,2015년 2월,807
KOR,2015년 3월,1733
KOR,2015년 4월,1161
KOR,2015년 5월,2097
KOR,2015년 6월,1324
KOR,2015년 7월,1501
KOR,2015년 8월,3526
KOR,2015년 9월,1284
KOR,2015년 10월,2147
KOR,2015년 11월,1564
KOR,2015년 12월,1385
KOR,2016년 1월,4776
KOR,2016년 2월,5279
KOR,2016년 3월,4709
KOR,2016년 4월,3871
KOR,2016년 5월,2177
KOR,2016년 6월,1763
KOR,2016년 7월,1898
KOR,2016년 8월,2601
KOR,2016년 9월,3301
KOR,2016년 10월,1588
KOR,2016년 11월,826
KOR,2016년 12월,1142
KOR,2017년 1월,1200
KOR,2017년 2월,3857
KOR,2017년 3월,3708
KOR,2017년 4월,4971
KOR,2017년 5월,3788
KOR,2017년 6월,2089
KOR,2017년 7월,3492
KOR,2017년 8월,3456
KOR,2017년 9월,5313
KOR,2017년 10월,2870
KOR,2017년 11월,3854
KOR,2017년 12월,2474
KOR,2018년 1월,2847
KOR,2018년 2월,3075
KOR,2018년 3월,5558
KOR,2018년 4월,5288
KOR,2018년 5월,7077
KOR,2018년 6월,1254
KNA,2016년 4월,2
KIR,2017년 9월,2
KHM,2015년 1월,5
KHM,2015년 2월,5
KHM,2015년 10월,7
KHM,2015년 12월,12
KHM,2016년 1월,33
KHM,2016년 2월,15
KHM,2016년 3월,31
KHM,2016년 4월,1
KHM,2016년 5월,4
KHM,2016년 6월,4
KHM,2016년 7월,14
KHM,2016년 8월,13
KHM,2016년 9월,21
KHM,2016년 10월,2
KHM,2016년 11월,10
KHM,2017년 1월,12
KHM,2017년 2월,12
KHM,2017년 3월,24
KHM,2017년 4월,16
KHM,2017년 5월,8
KHM,2017년 7월,4
KHM,2017년 8월,10
KHM,2017년 9월,17
KHM,2017년 10월,6
KHM,2017년 11월,7
KHM,2017년 12월,4
KHM,2018년 2월,11
KHM,2018년 3월,4
KHM,2018년 4월,2
KHM,2018년 5월,7
KGZ,2015년 3월,1
KGZ,2015년 5월,2
KGZ,2015년 6월,1
KGZ,2016년 1월,4
KGZ,2016년 2월,2
KGZ,2016년 6월,4
KGZ,2016년 9월,1
KGZ,2017년 9월,6
KGZ,2017년 11월,2
KEN,2015년 2월,2
KEN,2015년 4월,1
KEN,2015년 5월,2
KEN,2015년 6월,2
KEN,2015년 8월,1
KEN,2015년 9월,1
KEN,2015년 10월,4
KEN,2016년 3월,5
KEN,2016년 5월,10
KEN,2016년 6월,15
KEN,2016년 7월,2
KEN,2016년 8월,1
KEN,2016년 9월,2
KEN,2016년 11월,3
KEN,2016년 12월,2
KEN,2017년 1월,2
KEN,2017년 2월,2
KEN,2017년 3월,5
KEN,2017년 4월,2
KEN,2017년 5월,2
KEN,2017년 6월,3
KEN,2017년 9월,1
KEN,2018년 3월,53
KEN,2018년 5월,5
KAZ,2015년 4월,2
KAZ,2015년 5월,2
KAZ,2015년 9월,1
KAZ,2015년 11월,1
KAZ,2016년 1월,6
KAZ,2016년 5월,1
KAZ,2016년 6월,1
KAZ,2016년 7월,2
KAZ,2016년 8월,5
KAZ,2016년 9월,13
KAZ,2016년 11월,7
KAZ,2016년 12월,2
KAZ,2017년 2월,9
KAZ,2017년 3월,5
KAZ,2017년 4월,6
KAZ,2017년 5월,14
KAZ,2017년 6월,4
KAZ,2017년 7월,9
KAZ,2017년 8월,18
KAZ,2017년 9월,22
KAZ,2017년 11월,11
KAZ,2017년 12월,6
KAZ,2018년 1월,18
KAZ,2018년 3월,3
KAZ,2018년 4월,13
KAZ,2018년 5월,2
KAZ,2018년 6월,2
JPN,2015년 1월,451
JPN,2015년 2월,126
JPN,2015년 3월,406
JPN,2015년 4월,318
JPN,2015년 5월,374
JPN,2015년 6월,163
JPN,2015년 7월,184
JPN,2015년 8월,282
JPN,2015년 9월,296
JPN,2015년 10월,162
JPN,2015년 11월,239
JPN,2015년 12월,160
JPN,2016년 1월,1348
JPN,2016년 2월,2235
JPN,2016년 3월,915
JPN,2016년 4월,756
JPN,2016년 5월,460
JPN,2016년 6월,791
JPN,2016년 7월,211
JPN,2016년 8월,1033
JPN,2016년 9월,1471
JPN,2016년 10월,545
JPN,2016년 11월,338
JPN,2016년 12월,466
JPN,2017년 1월,235
JPN,2017년 2월,1738
JPN,2017년 3월,2070
JPN,2017년 4월,2904
JPN,2017년 5월,1502
JPN,2017년 6월,513
JPN,2017년 7월,1740
JPN,2017년 8월,2034
JPN,2017년 9월,2804
JPN,2017년 10월,1311
JPN,2017년 11월,2336
JPN,2017년 12월,1310
JPN,2018년 1월,634
JPN,2018년 2월,555
JPN,2018년 3월,1400
JPN,2018년 4월,1669
JPN,2018년 5월,1661
JPN,2018년 6월,1000
JOR,2015년 1월,5
JOR,2015년 3월,4
JOR,2015년 4월,4
JOR,2015년 5월,1
JOR,2015년 10월,4
JOR,2016년 1월,1
JOR,2016년 2월,13
JOR,2016년 4월,1
JOR,2016년 5월,21
JOR,2016년 9월,4
JOR,2016년 12월,2
JOR,2017년 2월,4
JOR,2017년 3월,2
JOR,2017년 4월,13
JOR,2017년 6월,5
JOR,2017년 7월,11
JOR,2017년 8월,21
JOR,2017년 9월,16
JOR,2017년 10월,3
JOR,2017년 11월,3
JOR,2017년 12월,2
JOR,2018년 1월,4
JOR,2018년 2월,39
JOR,2018년 3월,5
JOR,2018년 4월,12
JOR,2018년 5월,17
JAM,2016년 9월,1
JAM,2017년 4월,4
JAM,2017년 7월,3
JAM,2017년 9월,1
JAM,2017년 10월,3
JAM,2017년 12월,1
JAM,2018년 5월,1
JAM,2018년 6월,8
ITA,2015년 1월,1
ITA,2015년 2월,4
ITA,2015년 3월,3
ITA,2015년 5월,7
ITA,2015년 6월,2
ITA,2015년 7월,17
ITA,2015년 9월,7
ITA,2015년 10월,2
ITA,2015년 11월,2
ITA,2015년 12월,2
ITA,2016년 1월,3
ITA,2016년 3월,4
ITA,2016년 4월,6
ITA,2016년 5월,8
ITA,2016년 7월,6
ITA,2016년 8월,3
ITA,2016년 9월,18
ITA,2016년 10월,6
ITA,2016년 11월,6
ITA,2017년 1월,2
ITA,2017년 2월,30
ITA,2017년 3월,5
ITA,2017년 4월,53
ITA,2017년 5월,66
ITA,2017년 6월,15
ITA,2017년 7월,11
ITA,2017년 8월,7
ITA,2017년 9월,133
ITA,2017년 10월,122
ITA,2017년 11월,34
ITA,2017년 12월,29
ITA,2018년 1월,8
ITA,2018년 2월,8
ITA,2018년 3월,4
ITA,2018년 4월,12
ITA,2018년 5월,13
ITA,2018년 6월,23
ISR,2015년 1월,17
ISR,2015년 2월,34
ISR,2015년 3월,53
ISR,2015년 4월,26
ISR,2015년 5월,13
ISR,2015년 6월,33
ISR,2015년 7월,27
ISR,2015년 8월,26
ISR,2015년 9월,22
ISR,2015년 10월,17
ISR,2015년 11월,22
ISR,2015년 12월,61
ISR,2016년 1월,41
ISR,2016년 2월,25
ISR,2016년 3월,29
ISR,2016년 4월,24
ISR,2016년 5월,15
ISR,2016년 6월,29
ISR,2016년 7월,11
ISR,2016년 8월,3
ISR,2016년 9월,37
ISR,2016년 10월,18
ISR,2016년 11월,8
ISR,2016년 12월,11
ISR,2017년 1월,18
ISR,2017년 2월,51
ISR,2017년 3월,42
ISR,2017년 4월,107
ISR,2017년 5월,63
ISR,2017년 6월,50
ISR,2017년 7월,21
ISR,2017년 8월,100
ISR,2017년 9월,194
ISR,2017년 10월,26
ISR,2017년 11월,47
ISR,2017년 12월,111
ISR,2018년 1월,48
ISR,2018년 2월,20
ISR,2018년 3월,63
ISR,2018년 4월,64
ISR,2018년 5월,99
ISR,2018년 6월,41
ISL,2015년 4월,3
ISL,2015년 5월,3
ISL,2015년 12월,3
ISL,2016년 8월,4
ISL,2016년 9월,2
ISL,2016년 11월,8
ISL,2016년 12월,4
ISL,2017년 7월,2
ISL,2017년 9월,5
ISL,2018년 3월,2
ISL,2018년 5월,2
IRQ,2015년 1월,6
IRQ,2015년 2월,2
IRQ,2015년 3월,11
IRQ,2015년 4월,16
IRQ,2015년 5월,4
IRQ,2015년 7월,19
IRQ,2015년 8월,6
IRQ,2015년 11월,6
IRQ,2015년 12월,2
IRQ,2016년 1월,15
IRQ,2016년 2월,14
IRQ,2016년 3월,3
IRQ,2016년 4월,5
IRQ,2016년 5월,18
IRQ,2016년 6월,11
IRQ,2016년 7월,27
IRQ,2016년 8월,5
IRQ,2016년 9월,19
IRQ,2016년 10월,8
IRQ,2016년 11월,14
IRQ,2016년 12월,5
IRQ,2017년 1월,7
IRQ,2017년 2월,15
IRQ,2017년 3월,18
IRQ,2017년 4월,32
IRQ,2017년 5월,9
IRQ,2017년 6월,26
IRQ,2017년 7월,14
IRQ,2017년 8월,24
IRQ,2017년 9월,47
IRQ,2017년 10월,31
IRQ,2017년 11월,7
IRQ,2017년 12월,24
IRQ,2018년 1월,34
IRQ,2018년 2월,12
IRQ,2018년 3월,67
IRQ,2018년 4월,33
IRQ,2018년 5월,41
IRQ,2018년 6월,6
IRN,2015년 1월,32
IRN,2015년 2월,70
IRN,2015년 3월,176
IRN,2015년 4월,264
IRN,2015년 5월,232
IRN,2015년 6월,158
IRN,2015년 7월,425
IRN,2015년 8월,175
IRN,2015년 9월,139
IRN,2015년 10월,90
IRN,2015년 11월,46
IRN,2015년 12월,53
IRN,2016년 1월,227
IRN,2016년 2월,209
IRN,2016년 3월,132
IRN,2016년 4월,98
IRN,2016년 5월,220
IRN,2016년 6월,170
IRN,2016년 7월,69
IRN,2016년 8월,16
IRN,2016년 9월,123
IRN,2016년 10월,47
IRN,2016년 11월,52
IRN,2016년 12월,84
IRN,2017년 1월,132
IRN,2017년 2월,229
IRN,2017년 3월,164
IRN,2017년 4월,228
IRN,2017년 5월,226
IRN,2017년 6월,107
IRN,2017년 7월,510
IRN,2017년 8월,604
IRN,2017년 9월,816
IRN,2017년 10월,621
IRN,2017년 11월,162
IRN,2017년 12월,159
IRN,2018년 1월,268
IRN,2018년 2월,116
IRN,2018년 3월,568
IRN,2018년 4월,503
IRN,2018년 5월,1087
IRN,2018년 6월,237
IRL,2015년 5월,4
IRL,2015년 6월,1
IRL,2015년 7월,4
IRL,2015년 9월,5
IRL,2016년 1월,6
IRL,2016년 2월,9
IRL,2016년 3월,5
IRL,2016년 4월,3
IRL,2016년 5월,10
IRL,2016년 6월,2
IRL,2016년 7월,5
IRL,2016년 8월,2
IRL,2016년 9월,4
IRL,2016년 10월,11
IRL,2017년 1월,6
IRL,2017년 2월,6
IRL,2017년 3월,2
IRL,2017년 4월,3
IRL,2017년 5월,5
IRL,2017년 6월,2
IRL,2017년 7월,7
IRL,2017년 8월,13
IRL,2017년 9월,16
IRL,2017년 10월,19
IRL,2017년 11월,29
IRL,2017년 12월,3
IRL,2018년 1월,3
IRL,2018년 3월,8
IRL,2018년 4월,2
IRL,2018년 5월,28
IRL,2018년 6월,1
IND,2015년 1월,4
IND,2015년 2월,1
IND,2015년 3월,3
IND,2015년 4월,40
IND,2015년 7월,1
IND,2015년 9월,5
IND,2015년 10월,2
IND,2016년 1월,22
IND,2016년 2월,6
IND,2016년 3월,2
IND,2016년 4월,3
IND,2016년 5월,1
IND,2016년 6월,9
IND,2016년 7월,3
IND,2016년 8월,2
IND,2016년 9월,29
IND,2016년 10월,2
IND,2016년 11월,1
IND,2016년 12월,4
IND,2017년 2월,11
IND,2017년 3월,52
IND,2017년 4월,7
IND,2017년 5월,4
IND,2017년 6월,9
IND,2017년 7월,21
IND,2017년 8월,21
IND,2017년 9월,65
IND,2017년 10월,27
IND,2017년 11월,20
IND,2017년 12월,21
IND,2018년 1월,46
IND,2018년 2월,7
IND,2018년 3월,12
IND,2018년 4월,17
IND,2018년 5월,46
IND,2018년 6월,8
IDN,2015년 1월,7
IDN,2015년 2월,13
IDN,2015년 3월,12
IDN,2015년 4월,40
IDN,2015년 5월,10
IDN,2015년 6월,1
IDN,2015년 7월,19
IDN,2015년 8월,72
IDN,2015년 9월,8
IDN,2015년 10월,8
IDN,2015년 12월,1
IDN,2016년 1월,29
IDN,2016년 2월,63
IDN,2016년 3월,20
IDN,2016년 4월,15
IDN,2016년 5월,17
IDN,2016년 6월,2
IDN,2016년 7월,3
IDN,2016년 8월,26
IDN,2016년 9월,10
IDN,2016년 10월,30
IDN,2016년 11월,7
IDN,2017년 1월,5
IDN,2017년 2월,272
IDN,2017년 3월,206
IDN,2017년 4월,117
IDN,2017년 5월,25
IDN,2017년 6월,15
IDN,2017년 7월,27
IDN,2017년 8월,35
IDN,2017년 9월,21
IDN,2017년 10월,104
IDN,2017년 11월,59
IDN,2017년 12월,20
IDN,2018년 1월,21
IDN,2018년 2월,5
IDN,2018년 3월,13
IDN,2018년 4월,18
IDN,2018년 5월,19
IDN,2018년 6월,2
HUN,2015년 1월,3
HUN,2015년 4월,2
HUN,2015년 7월,5
HUN,2015년 11월,1
HUN,2015년 12월,1
HUN,2016년 7월,2
HUN,2016년 8월,2
HUN,2016년 10월,2
HUN,2016년 11월,1
HUN,2016년 12월,1
HUN,2017년 1월,12
HUN,2017년 2월,12
HUN,2017년 3월,5
HUN,2017년 6월,2
HUN,2017년 8월,7
HUN,2017년 9월,5
HUN,2018년 1월,2
HUN,2018년 3월,7
HUN,2018년 5월,4
HTI,2015년 9월,1
HTI,2015년 11월,3
HTI,2016년 7월,2
HTI,2016년 10월,8
HTI,2017년 4월,2
HTI,2017년 8월,3
HTI,2017년 10월,2
HTI,2018년 1월,9
HRV,2017년 3월,1
HRV,2017년 7월,8
HRV,2018년 5월,3
HND,2016년 5월,2
HND,2018년 1월,5
HND,2018년 2월,2
HND,2018년 4월,2
GUY,2015년 11월,1
GUY,2016년 2월,4
GUY,2016년 6월,2
GUY,2017년 3월,2
GUY,2017년 4월,3
GUY,2017년 8월,3
GUY,2017년 9월,2
GUY,2017년 11월,5
GUY,2018년 1월,3
GUY,2018년 2월,3
GUY,2018년 3월,2
GUY,2018년 5월,2
GUY,2018년 6월,1
GTM,2017년 2월,2
GTM,2018년 6월,1
GRD,2016년 4월,26
GRD,2017년 2월,2
GRD,2017년 7월,1
GRD,2017년 8월,2
GRC,2015년 1월,1
GRC,2015년 2월,3
GRC,2015년 4월,1
GRC,2015년 5월,3
GRC,2015년 8월,5
GRC,2015년 9월,6
GRC,2016년 1월,4
GRC,2016년 3월,4
GRC,2016년 5월,1
GRC,2016년 7월,2
GRC,2016년 8월,4
GRC,2016년 9월,2
GRC,2016년 10월,1
GRC,2016년 11월,1
GRC,2017년 2월,13
GRC,2017년 3월,12
GRC,2017년 4월,4
GRC,2017년 5월,3
GRC,2017년 7월,3
GRC,2017년 8월,10
GRC,2017년 11월,2
GRC,2017년 12월,3
GRC,2018년 1월,3
GRC,2018년 3월,9
GRC,2018년 4월,1
GRC,2018년 5월,13
GRC,2018년 6월,4
GNQ,2015년 6월,2
GNQ,2016년 2월,2
GNQ,2016년 3월,2
GNQ,2016년 5월,22
GNQ,2016년 6월,3
GNQ,2016년 7월,2
GNQ,2016년 10월,2
GNQ,2017년 6월,3
GNQ,2018년 1월,2
GNB,2015년 10월,1
GMB,2015년 4월,2
GMB,2016년 5월,2
GMB,2016년 12월,2
GMB,2017년 3월,2
GIN,2015년 2월,1
GIN,2015년 6월,2
GIN,2015년 9월,1
GIN,2015년 11월,3
GIN,2017년 3월,1
GHA,2015년 1월,1
GHA,2015년 10월,1
GHA,2015년 11월,6
GHA,2016년 1월,2
GHA,2016년 2월,1
GHA,2016년 3월,5
GHA,2016년 6월,5
GHA,2016년 10월,3
GHA,2017년 2월,1
GHA,2017년 4월,2
GHA,2017년 9월,2
GHA,2017년 10월,3
GHA,2017년 11월,7
GHA,2018년 2월,2
GHA,2018년 5월,1
GBR,2015년 1월,25
GBR,2015년 2월,89
GBR,2015년 3월,70
GBR,2015년 4월,21
GBR,2015년 5월,32
GBR,2015년 6월,40
GBR,2015년 7월,59
GBR,2015년 8월,66
GBR,2015년 9월,67
GBR,2015년 10월,39
GBR,2015년 11월,55
GBR,2015년 12월,66
GBR,2016년 1월,349
GBR,2016년 2월,247
GBR,2016년 3월,49
GBR,2016년 4월,77
GBR,2016년 5월,130
GBR,2016년 6월,49
GBR,2016년 7월,42
GBR,2016년 8월,226
GBR,2016년 9월,124
GBR,2016년 10월,44
GBR,2016년 11월,32
GBR,2016년 12월,56
GBR,2017년 1월,95
GBR,2017년 2월,141
GBR,2017년 3월,140
GBR,2017년 4월,384
GBR,2017년 5월,181
GBR,2017년 6월,125
GBR,2017년 7월,267
GBR,2017년 8월,607
GBR,2017년 9월,1175
GBR,2017년 10월,373
GBR,2017년 11월,188
GBR,2017년 12월,347
GBR,2018년 1월,127
GBR,2018년 2월,42
GBR,2018년 3월,103
GBR,2018년 4월,198
GBR,2018년 5월,177
GBR,2018년 6월,75
FSM,2017년 10월,3
FRA,2015년 1월,38
FRA,2015년 2월,19
FRA,2015년 3월,5
FRA,2015년 6월,14
FRA,2015년 7월,10
FRA,2015년 8월,24
FRA,2015년 9월,13
FRA,2015년 10월,1
FRA,2015년 11월,8
FRA,2015년 12월,20
FRA,2016년 1월,50
FRA,2016년 2월,107
FRA,2016년 3월,24
FRA,2016년 4월,78
FRA,2016년 5월,76
FRA,2016년 6월,37
FRA,2016년 7월,13
FRA,2016년 8월,8
FRA,2016년 9월,101
FRA,2016년 10월,10
FRA,2016년 11월,8
FRA,2016년 12월,23
FRA,2017년 1월,18
FRA,2017년 2월,52
FRA,2017년 3월,53
FRA,2017년 4월,79
FRA,2017년 5월,97
FRA,2017년 6월,39
FRA,2017년 7월,150
FRA,2017년 8월,302
FRA,2017년 9월,402
FRA,2017년 10월,117
FRA,2017년 11월,81
FRA,2017년 12월,63
FRA,2018년 1월,78
FRA,2018년 2월,19
FRA,2018년 3월,77
FRA,2018년 4월,141
FRA,2018년 5월,68
FRA,2018년 6월,55
FJI,2016년 1월,2
FJI,2017년 1월,4
FJI,2017년 9월,6
FJI,2018년 5월,4
FIN,2015년 1월,2
FIN,2015년 2월,3
FIN,2015년 4월,1
FIN,2015년 6월,6
FIN,2015년 7월,10
FIN,2015년 11월,2
FIN,2016년 1월,2
FIN,2016년 2월,3
FIN,2016년 3월,5
FIN,2016년 4월,6
FIN,2016년 10월,4
FIN,2017년 1월,3
FIN,2017년 2월,14
FIN,2017년 3월,4
FIN,2017년 4월,13
FIN,2017년 7월,10
FIN,2017년 9월,9
FIN,2017년 12월,9
FIN,2018년 1월,2
FIN,2018년 2월,6
FIN,2018년 3월,201
FIN,2018년 4월,21
FIN,2018년 5월,5
FIN,2018년 6월,4
EUR,2015년 1월,5
EUR,2015년 2월,5
EUR,2015년 3월,25
EUR,2015년 4월,23
EUR,2015년 5월,2
EUR,2015년 6월,13
EUR,2015년 7월,9
EUR,2015년 8월,3
EUR,2015년 9월,6
EUR,2015년 10월,6
EUR,2015년 11월,5
EUR,2015년 12월,5
EUR,2016년 1월,52
EUR,2016년 2월,63
EUR,2016년 3월,115
EUR,2016년 4월,35
EUR,2016년 5월,28
EUR,2016년 6월,5
EUR,2016년 7월,31
EUR,2016년 8월,22
EUR,2016년 9월,27
EUR,2016년 10월,21
EUR,2016년 11월,13
EUR,2016년 12월,13
EUR,2017년 1월,11
EUR,2017년 2월,79
EUR,2017년 3월,40
EUR,2017년 4월,58
EUR,2017년 5월,89
EUR,2017년 6월,30
EUR,2017년 7월,130
EUR,2017년 8월,107
EUR,2017년 9월,195
EUR,2017년 10월,149
EUR,2017년 11월,70
EUR,2017년 12월,27
EUR,2018년 1월,31
EUR,2018년 2월,6
EUR,2018년 3월,97
EUR,2018년 4월,73
EUR,2018년 5월,76
EUR,2018년 6월,38
ETH,2015년 2월,1
ETH,2015년 6월,1
ETH,2015년 7월,2
ETH,2015년 8월,5
ETH,2016년 1월,2
ETH,2016년 2월,16
ETH,2016년 3월,2
ETH,2016년 5월,7
ETH,2016년 6월,2
ETH,2016년 7월,3
ETH,2016년 8월,1
ETH,2016년 9월,5
ETH,2016년 10월,10
ETH,2016년 11월,3
ETH,2016년 12월,3
ETH,2017년 4월,5
ETH,2017년 6월,2
ETH,2017년 8월,3
ETH,2017년 9월,45
ETH,2017년 11월,6
ETH,2017년 12월,2
ETH,2018년 1월,5
ETH,2018년 3월,79
EST,2015년 3월,10
EST,2015년 6월,6
EST,2015년 12월,5
EST,2016년 2월,3
EST,2017년 7월,6
EST,2017년 9월,18
EST,2017년 11월,3
EST,2018년 1월,8
ESP,2015년 1월,5
ESP,2015년 4월,2
ESP,2015년 5월,8
ESP,2015년 6월,5
ESP,2015년 7월,3
ESP,2015년 9월,3
ESP,2015년 10월,2
ESP,2015년 11월,2
ESP,2015년 12월,2
ESP,2016년 2월,8
ESP,2016년 3월,10
ESP,2016년 4월,5
ESP,2016년 5월,1
ESP,2016년 6월,19
ESP,2016년 8월,6
ESP,2016년 9월,9
ESP,2016년 11월,6
ESP,2016년 12월,22
ESP,2017년 1월,4
ESP,2017년 2월,9
ESP,2017년 3월,5
ESP,2017년 4월,2
ESP,2017년 5월,6
ESP,2017년 6월,28
ESP,2017년 8월,17
ESP,2017년 9월,191
ESP,2017년 10월,25
ESP,2017년 11월,10
ESP,2017년 12월,15
ESP,2018년 1월,12
ESP,2018년 3월,1
ESP,2018년 4월,3
ESP,2018년 5월,8
ESP,2018년 6월,2
ERI,2015년 2월,2
ERI,2015년 4월,34
ERI,2015년 5월,4
ERI,2015년 6월,10
ERI,2015년 7월,4
ERI,2015년 8월,5
ERI,2015년 9월,13
ERI,2015년 11월,1
ERI,2015년 12월,4
ERI,2016년 1월,5
ERI,2016년 2월,4
ERI,2016년 3월,3
ERI,2016년 4월,5
ERI,2016년 5월,5
ERI,2016년 6월,1
ERI,2016년 7월,7
ERI,2016년 10월,3
ERI,2017년 1월,1
ERI,2017년 2월,2
ERI,2017년 3월,12
ERI,2017년 4월,21
ERI,2017년 5월,1
ERI,2017년 8월,1
ERI,2017년 9월,12
ERI,2017년 12월,2
ERI,2018년 1월,2
ERI,2018년 5월,2
EGY,2015년 1월,4
EGY,2015년 2월,3
EGY,2015년 3월,3
EGY,2015년 4월,9
EGY,2015년 5월,2
EGY,2015년 6월,3
EGY,2015년 7월,12
EGY,2015년 8월,35
EGY,2015년 10월,2
EGY,2015년 12월,3
EGY,2016년 1월,13
EGY,2016년 2월,2
EGY,2016년 3월,21
EGY,2016년 4월,3
EGY,2016년 5월,21
EGY,2016년 6월,27
EGY,2016년 7월,6
EGY,2016년 8월,9
EGY,2016년 9월,15
EGY,2016년 10월,2
EGY,2016년 12월,21
EGY,2017년 1월,2
EGY,2017년 2월,30
EGY,2017년 3월,74
EGY,2017년 4월,51
EGY,2017년 5월,32
EGY,2017년 6월,11
EGY,2017년 7월,16
EGY,2017년 8월,38
EGY,2017년 9월,196
EGY,2017년 10월,122
EGY,2017년 11월,18
EGY,2017년 12월,25
EGY,2018년 1월,4
EGY,2018년 2월,27
EGY,2018년 3월,12
EGY,2018년 4월,11
EGY,2018년 5월,9
EGY,2018년 6월,6
ECU,2015년 2월,1
ECU,2015년 10월,4
ECU,2015년 11월,3
ECU,2016년 2월,2
ECU,2016년 3월,1
ECU,2017년 2월,2
ECU,2017년 3월,2
ECU,2017년 4월,3
ECU,2017년 5월,6
ECU,2017년 6월,1
ECU,2017년 9월,13
DZA,2015년 3월,4
DZA,2015년 10월,2
DZA,2016년 2월,5
DZA,2016년 9월,2
DZA,2016년 11월,4
DZA,2017년 2월,2
DZA,2017년 4월,3
DZA,2017년 9월,2
DOM,2015년 1월,2
DOM,2017년 2월,1
DOM,2017년 6월,1
DOM,2018년 1월,5
DOM,2018년 5월,1
DNK,2015년 1월,1
DNK,2015년 3월,2
DNK,2015년 6월,7
DNK,2015년 8월,3
DNK,2015년 9월,3
DNK,2015년 10월,1
DNK,2016년 2월,1
DNK,2016년 3월,1
DNK,2016년 4월,3
DNK,2016년 6월,1
DNK,2016년 7월,1
DNK,2016년 11월,1
DNK,2017년 1월,1
DNK,2017년 2월,2
DNK,2017년 3월,6
DNK,2017년 4월,10
DNK,2017년 6월,1
DNK,2017년 8월,8
DNK,2017년 9월,12
DNK,2017년 10월,21
DNK,2017년 11월,8
DNK,2017년 12월,4
DNK,2018년 1월,1
DNK,2018년 3월,6
DNK,2018년 5월,2
DNK,2018년 6월,1
DMA,2016년 2월,1
DMA,2018년 1월,3
DMA,2018년 5월,3
DJI,2018년 3월,82
DEU,2015년 1월,23
DEU,2015년 2월,13
DEU,2015년 3월,13
DEU,2015년 4월,33
DEU,2015년 5월,11
DEU,2015년 6월,42
DEU,2015년 7월,11
DEU,2015년 8월,17
DEU,2015년 9월,22
DEU,2015년 10월,24
DEU,2015년 12월,25
DEU,2016년 1월,48
DEU,2016년 2월,84
DEU,2016년 3월,18
DEU,2016년 4월,27
DEU,2016년 5월,22
DEU,2016년 6월,12
DEU,2016년 7월,39
DEU,2016년 8월,31
DEU,2016년 9월,61
DEU,2016년 10월,14
DEU,2016년 11월,7
DEU,2016년 12월,13
DEU,2017년 1월,12
DEU,2017년 2월,73
DEU,2017년 3월,35
DEU,2017년 4월,161
DEU,2017년 5월,132
DEU,2017년 6월,31
DEU,2017년 7월,552
DEU,2017년 8월,239
DEU,2017년 9월,524
DEU,2017년 10월,82
DEU,2017년 11월,88
DEU,2017년 12월,44
DEU,2018년 1월,29
DEU,2018년 2월,61
DEU,2018년 3월,81
DEU,2018년 4월,93
DEU,2018년 5월,47
DEU,2018년 6월,31
CZE,2015년 2월,15
CZE,2015년 3월,3
CZE,2015년 4월,2
CZE,2015년 7월,12
CZE,2015년 12월,8
CZE,2016년 1월,1
CZE,2016년 2월,2
CZE,2016년 3월,10
CZE,2016년 5월,23
CZE,2016년 6월,3
CZE,2016년 8월,2
CZE,2016년 9월,1
CZE,2016년 11월,3
CZE,2016년 12월,2
CZE,2017년 2월,6
CZE,2017년 3월,9
CZE,2017년 4월,26
CZE,2017년 5월,9
CZE,2017년 7월,4
CZE,2017년 9월,5
CZE,2017년 10월,5
CZE,2017년 11월,1
CZE,2018년 2월,3
CZE,2018년 3월,1
CZE,2018년 4월,1
CYP,2015년 1월,2
CYP,2016년 2월,4
CYP,2016년 6월,2
CYP,2016년 9월,11
CYP,2017년 1월,2
CYP,2017년 2월,3
CYP,2017년 5월,1
CYP,2017년 8월,1
CYP,2017년 11월,2
CYP,2018년 4월,1
CYP,2018년 5월,1
CYM,2017년 3월,1
CUB,2015년 1월,34
CUB,2015년 2월,2
CUB,2015년 3월,72
CUB,2015년 4월,54
CUB,2015년 5월,7
CUB,2015년 6월,51
CUB,2015년 7월,19
CUB,2015년 8월,21
CUB,2015년 9월,116
CUB,2015년 10월,21
CUB,2015년 11월,8
CUB,2015년 12월,3
CUB,2016년 1월,38
CUB,2016년 2월,20
CUB,2016년 3월,32
CUB,2016년 4월,19
CUB,2016년 5월,51
CUB,2016년 6월,111
CUB,2016년 7월,56
CUB,2016년 8월,12
CUB,2016년 9월,99
CUB,2016년 10월,16
CUB,2016년 11월,113
CUB,2016년 12월,84
CUB,2017년 1월,16
CUB,2017년 2월,9
CUB,2017년 3월,20
CUB,2017년 4월,33
CUB,2017년 5월,42
CUB,2017년 6월,32
CUB,2017년 7월,24
CUB,2017년 8월,32
CUB,2017년 9월,42
CUB,2017년 10월,8
CUB,2017년 11월,300
CUB,2017년 12월,71
CUB,2018년 1월,3
CUB,2018년 2월,9
CUB,2018년 3월,7
CUB,2018년 4월,22
CUB,2018년 5월,28
CUB,2018년 6월,6
CRI,2015년 1월,2
CRI,2016년 1월,2
CRI,2017년 9월,1
CRI,2018년 1월,1
CRI,2018년 4월,1
COM,2018년 2월,4
COL,2016년 1월,9
COL,2016년 2월,4
COL,2016년 6월,6
COL,2016년 9월,2
COL,2016년 11월,2
COL,2017년 3월,14
COL,2017년 5월,1
COL,2017년 6월,3
COL,2017년 8월,9
COL,2017년 9월,6
COL,2017년 10월,1
COL,2017년 11월,4
COL,2017년 12월,7
COL,2018년 1월,4
COL,2018년 2월,11
COG,2015년 6월,1
COG,2015년 8월,5
COG,2015년 10월,1
COG,2016년 1월,7
COG,2016년 2월,4
COG,2016년 4월,2
COG,2016년 5월,1
COG,2016년 8월,2
COG,2016년 11월,1
COG,2017년 5월,9
COG,2017년 6월,3
COG,2017년 10월,4
COG,2018년 3월,4
COD,2015년 3월,2
COD,2015년 8월,7
COD,2016년 3월,1
COD,2016년 5월,12
COD,2016년 6월,4
COD,2016년 8월,26
COD,2016년 10월,2
COD,2017년 3월,1
COD,2017년 9월,1
COD,2017년 10월,8
COD,2017년 11월,4
COD,2017년 12월,1
CIV,2016년 1월,1
CIV,2016년 11월,1
CIV,2017년 11월,2
CHN,2015년 1월,598
CHN,2015년 2월,286
CHN,2015년 3월,583
CHN,2015년 4월,671
CHN,2015년 5월,699
CHN,2015년 6월,448
CHN,2015년 7월,521
CHN,2015년 8월,630
CHN,2015년 9월,1182
CHN,2015년 10월,1265
CHN,2015년 11월,567
CHN,2015년 12월,1266
CHN,2016년 1월,3742
CHN,2016년 2월,3640
CHN,2016년 3월,2381
CHN,2016년 4월,2256
CHN,2016년 5월,1064
CHN,2016년 6월,1481
CHN,2016년 7월,1003
CHN,2016년 8월,945
CHN,2016년 9월,2762
CHN,2016년 10월,861
CHN,2016년 11월,765
CHN,2016년 12월,698
CHN,2017년 1월,1018
CHN,2017년 2월,3147
CHN,2017년 3월,4065
CHN,2017년 4월,9704
CHN,2017년 5월,3596
CHN,2017년 6월,2400
CHN,2017년 7월,4181
CHN,2017년 8월,5357
CHN,2017년 9월,6414
CHN,2017년 10월,2451
CHN,2017년 11월,4479
CHN,2017년 12월,2954
CHN,2018년 1월,1483
CHN,2018년 2월,778
CHN,2018년 3월,3575
CHN,2018년 4월,2601
CHN,2018년 5월,4635
CHN,2018년 6월,1003
CHL,2015년 6월,1
CHL,2015년 7월,3
CHL,2015년 10월,3
CHL,2015년 12월,10
CHL,2016년 2월,8
CHL,2016년 9월,4
CHL,2016년 11월,3
CHL,2017년 3월,5
CHL,2017년 8월,117
CHL,2017년 9월,8
CHL,2017년 10월,4
CHL,2018년 1월,6
CHL,2018년 3월,2
CHL,2018년 4월,1
CHE,2015년 1월,9
CHE,2015년 2월,15
CHE,2015년 3월,46
CHE,2015년 4월,7
CHE,2015년 5월,5
CHE,2015년 6월,18
CHE,2015년 7월,16
CHE,2015년 8월,10
CHE,2015년 9월,8
CHE,2015년 10월,2
CHE,2015년 11월,8
CHE,2015년 12월,8
CHE,2016년 1월,81
CHE,2016년 2월,22
CHE,2016년 3월,78
CHE,2016년 4월,31
CHE,2016년 5월,79
CHE,2016년 6월,5
CHE,2016년 7월,27
CHE,2016년 8월,9
CHE,2016년 9월,26
CHE,2016년 10월,9
CHE,2016년 11월,62
CHE,2016년 12월,14
CHE,2017년 1월,7
CHE,2017년 2월,102
CHE,2017년 3월,21
CHE,2017년 4월,29
CHE,2017년 5월,17
CHE,2017년 6월,5
CHE,2017년 7월,12
CHE,2017년 8월,33
CHE,2017년 9월,209
CHE,2017년 10월,67
CHE,2017년 11월,14
CHE,2017년 12월,9
CHE,2018년 1월,27
CHE,2018년 2월,12
CHE,2018년 3월,108
CHE,2018년 4월,43
CHE,2018년 5월,44
CHE,2018년 6월,25
CAN,2015년 1월,42
CAN,2015년 2월,10
CAN,2015년 3월,351
CAN,2015년 4월,8
CAN,2015년 5월,12
CAN,2015년 6월,18
CAN,2015년 7월,49
CAN,2015년 8월,58
CAN,2015년 9월,22
CAN,2015년 10월,35
CAN,2015년 11월,38
CAN,2015년 12월,423
CAN,2016년 1월,180
CAN,2016년 2월,66
CAN,2016년 3월,84
CAN,2016년 4월,75
CAN,2016년 5월,18
CAN,2016년 6월,36
CAN,2016년 7월,6
CAN,2016년 8월,15
CAN,2016년 9월,26
CAN,2016년 10월,30
CAN,2016년 11월,93
CAN,2016년 12월,148
CAN,2017년 1월,15
CAN,2017년 2월,21
CAN,2017년 3월,40
CAN,2017년 4월,77
CAN,2017년 5월,37
CAN,2017년 6월,100
CAN,2017년 7월,48
CAN,2017년 8월,907
CAN,2017년 9월,157
CAN,2017년 10월,121
CAN,2017년 11월,248
CAN,2017년 12월,467
CAN,2018년 1월,621
CAN,2018년 2월,32
CAN,2018년 3월,83
CAN,2018년 4월,213
CAN,2018년 5월,88
CAN,2018년 6월,604
CAF,2015년 10월,4
CAF,2017년 7월,1
CAF,2018년 1월,2
CAF,2018년 3월,1
BWA,2015년 7월,3
BWA,2016년 1월,3
BWA,2016년 2월,3
BWA,2016년 3월,7
BWA,2016년 4월,1
BWA,2016년 7월,12
BWA,2016년 9월,20
BWA,2016년 11월,1
BWA,2017년 2월,2
BWA,2017년 9월,6
BWA,2017년 10월,13
BWA,2017년 11월,7
BWA,2017년 12월,2
BTN,2015년 8월,2
BTN,2015년 9월,1
BTN,2015년 12월,2
BTN,2017년 9월,4
BRN,2015년 4월,6
BRN,2015년 5월,3
BRN,2015년 6월,9
BRN,2015년 7월,4
BRN,2015년 8월,9
BRN,2016년 1월,17
BRN,2016년 2월,5
BRN,2016년 3월,2
BRN,2016년 4월,2
BRN,2016년 5월,2
BRN,2016년 6월,8
BRN,2016년 7월,3
BRN,2016년 9월,4
BRN,2016년 10월,2
BRN,2016년 11월,8
BRN,2016년 12월,2
BRN,2017년 1월,17
BRN,2017년 2월,6
BRN,2017년 3월,14
BRN,2017년 4월,20
BRN,2017년 5월,7
BRN,2017년 7월,5
BRN,2017년 8월,19
BRN,2017년 9월,4
BRN,2017년 10월,14
BRN,2017년 11월,18
BRN,2017년 12월,4
BRN,2018년 1월,4
BRN,2018년 2월,10
BRN,2018년 5월,2
BRN,2018년 6월,1
BRB,2016년 11월,1
BRB,2017년 4월,2
BRB,2017년 8월,4
BRB,2017년 9월,1
BRB,2017년 10월,3
BRB,2018년 5월,2
BRA,2015년 1월,10
BRA,2015년 3월,3
BRA,2015년 4월,3
BRA,2015년 5월,28
BRA,2015년 6월,7
BRA,2015년 8월,5
BRA,2015년 10월,3
BRA,2015년 12월,2
BRA,2016년 1월,33
BRA,2016년 2월,2
BRA,2016년 3월,8
BRA,2016년 4월,2
BRA,2016년 5월,1
BRA,2016년 7월,2
BRA,2016년 8월,3
BRA,2016년 9월,3
BRA,2016년 10월,3
BRA,2016년 11월,1
BRA,2017년 1월,3
BRA,2017년 2월,3
BRA,2017년 4월,2
BRA,2017년 5월,3
BRA,2017년 8월,18
BRA,2017년 9월,15
BRA,2017년 10월,10
BRA,2017년 11월,2
BRA,2018년 1월,6
BRA,2018년 2월,2
BRA,2018년 4월,8
BRA,2018년 5월,29
BRA,2018년 6월,8
BOL,2016년 6월,1
BOL,2016년 8월,8
BOL,2016년 9월,1
BOL,2016년 11월,1
BOL,2017년 6월,1
BOL,2017년 8월,10
BOL,2017년 9월,13
BOL,2018년 2월,3
BOL,2018년 5월,2
BMU,2016년 5월,1
BMU,2016년 8월,2
BMU,2017년 11월,3
BLZ,2017년 3월,4
BLZ,2017년 9월,2
BLR,2015년 3월,45
BLR,2015년 4월,7
BLR,2015년 5월,2
BLR,2015년 7월,1
BLR,2015년 9월,3
BLR,2015년 10월,6
BLR,2016년 1월,3
BLR,2016년 2월,5
BLR,2016년 7월,2
BLR,2016년 9월,26
BLR,2016년 10월,3
BLR,2016년 11월,2
BLR,2017년 1월,1
BLR,2017년 2월,1
BLR,2017년 3월,1
BLR,2017년 5월,1
BLR,2017년 8월,8
BLR,2017년 9월,5
BLR,2017년 10월,2
BLR,2017년 11월,8
BLR,2018년 4월,2
BLR,2018년 5월,3
BLR,2018년 6월,2
BHS,2018년 4월,4
BHR,2015년 5월,5
BHR,2016년 1월,3
BHR,2016년 3월,2
BHR,2016년 9월,4
BHR,2016년 12월,2
BHR,2017년 2월,11
BHR,2017년 7월,3
BHR,2017년 8월,2
BHR,2017년 9월,6
BHR,2017년 11월,14
BHR,2018년 4월,5
BHR,2018년 5월,1
BGR,2015년 3월,2
BGR,2015년 4월,1
BGR,2016년 1월,5
BGR,2016년 2월,3
BGR,2016년 6월,5
BGR,2016년 8월,14
BGR,2016년 9월,2
BGR,2016년 10월,1
BGR,2017년 3월,4
BGR,2017년 5월,12
BGR,2017년 8월,7
BGR,2017년 9월,32
BGR,2017년 11월,6
BGR,2018년 1월,13
BGR,2018년 3월,2
BGR,2018년 4월,2
BGD,2015년 1월,1
BGD,2015년 2월,2
BGD,2015년 3월,155
BGD,2015년 4월,6
BGD,2015년 5월,2
BGD,2015년 7월,1
BGD,2015년 8월,1
BGD,2015년 9월,2
BGD,2015년 10월,4
BGD,2016년 1월,25
BGD,2016년 2월,6
BGD,2016년 3월,1
BGD,2016년 4월,2
BGD,2016년 5월,32
BGD,2016년 6월,9
BGD,2016년 7월,10
BGD,2016년 8월,75
BGD,2016년 9월,13
BGD,2016년 10월,4
BGD,2016년 11월,2
BGD,2016년 12월,3
BGD,2017년 1월,9
BGD,2017년 2월,12
BGD,2017년 3월,20
BGD,2017년 4월,25
BGD,2017년 5월,36
BGD,2017년 6월,3
BGD,2017년 7월,33
BGD,2017년 8월,18
BGD,2017년 9월,50
BGD,2017년 10월,6
BGD,2017년 11월,19
BGD,2017년 12월,3
BGD,2018년 1월,8
BGD,2018년 2월,1
BGD,2018년 3월,12
BGD,2018년 4월,6
BGD,2018년 5월,3
BFA,2016년 4월,1
BFA,2017년 12월,97
BFA,2018년 1월,7
BEN,2015년 3월,3
BEN,2015년 7월,2
BEN,2016년 1월,3
BEN,2017년 3월,3
BEN,2017년 9월,6
BEN,2017년 12월,2
BEL,2015년 4월,1
BEL,2015년 7월,2
BEL,2015년 8월,2
BEL,2016년 1월,3
BEL,2016년 2월,18
BEL,2016년 3월,22
BEL,2016년 4월,5
BEL,2016년 5월,2
BEL,2016년 6월,5
BEL,2016년 7월,7
BEL,2016년 8월,2
BEL,2016년 9월,1
BEL,2016년 11월,7
BEL,2016년 12월,7
BEL,2017년 1월,3
BEL,2017년 2월,8
BEL,2017년 3월,1
BEL,2017년 4월,17
BEL,2017년 5월,9
BEL,2017년 6월,1
BEL,2017년 7월,15
BEL,2017년 8월,23
BEL,2017년 9월,43
BEL,2017년 10월,26
BEL,2017년 11월,13
BEL,2017년 12월,22
BEL,2018년 1월,1
BEL,2018년 2월,4
BEL,2018년 3월,15
BEL,2018년 4월,29
BEL,2018년 5월,13
BDI,2015년 5월,2
BDI,2016년 5월,2
BDI,2016년 6월,9
BDI,2017년 4월,7
BDI,2018년 3월,6
AZE,2015년 3월,3
AZE,2015년 6월,1
AZE,2015년 8월,1
AZE,2015년 9월,2
AZE,2015년 10월,2
AZE,2016년 1월,5
AZE,2016년 2월,8
AZE,2016년 4월,1
AZE,2016년 5월,1
AZE,2016년 10월,2
AZE,2016년 11월,2
AZE,2017년 4월,1
AZE,2017년 9월,2
AZE,2018년 2월,4
AZE,2018년 4월,26
AZE,2018년 5월,2
AUT,2015년 2월,2
AUT,2015년 3월,10
AUT,2015년 6월,2
AUT,2015년 7월,2
AUT,2015년 8월,9
AUT,2015년 9월,2
AUT,2015년 10월,3
AUT,2015년 12월,3
AUT,2016년 1월,65
AUT,2016년 2월,1
AUT,2016년 4월,4
AUT,2016년 5월,12
AUT,2016년 6월,8
AUT,2016년 8월,2
AUT,2016년 9월,19
AUT,2016년 12월,3
AUT,2017년 3월,10
AUT,2017년 4월,1
AUT,2017년 5월,3
AUT,2017년 6월,2
AUT,2017년 8월,5
AUT,2017년 9월,11
AUT,2017년 10월,1
AUT,2017년 11월,2
AUT,2017년 12월,31
AUT,2018년 1월,4
AUT,2018년 2월,3
AUT,2018년 3월,3
AUT,2018년 4월,8
AUT,2018년 5월,7
AUT,2018년 6월,2
AUS,2015년 1월,9
AUS,2015년 2월,32
AUS,2015년 3월,7
AUS,2015년 4월,9
AUS,2015년 5월,19
AUS,2015년 6월,11
AUS,2015년 7월,29
AUS,2015년 8월,15
AUS,2015년 9월,18
AUS,2015년 10월,12
AUS,2015년 11월,10
AUS,2016년 1월,111
AUS,2016년 2월,91
AUS,2016년 3월,45
AUS,2016년 4월,37
AUS,2016년 5월,33
AUS,2016년 6월,10
AUS,2016년 7월,35
AUS,2016년 8월,52
AUS,2016년 9월,52
AUS,2016년 10월,10
AUS,2016년 11월,20
AUS,2016년 12월,16
AUS,2017년 1월,28
AUS,2017년 2월,35
AUS,2017년 3월,55
AUS,2017년 4월,600
AUS,2017년 5월,245
AUS,2017년 6월,104
AUS,2017년 7월,129
AUS,2017년 8월,383
AUS,2017년 9월,305
AUS,2017년 10월,234
AUS,2017년 11월,148
AUS,2017년 12월,306
AUS,2018년 1월,57
AUS,2018년 2월,67
AUS,2018년 3월,103
AUS,2018년 4월,89
AUS,2018년 5월,96
AUS,2018년 6월,20
ASA,2016년 6월,11
ASA,2016년 11월,1
ASA,2017년 4월,1
ASA,2017년 9월,2
ASA,2017년 10월,3
ASA,2018년 3월,9
ARM,2015년 4월,1
ARM,2015년 9월,2
ARM,2015년 10월,1
ARM,2016년 1월,1
ARM,2016년 2월,26
ARM,2016년 4월,2
ARM,2016년 5월,4
ARM,2016년 7월,20
ARM,2016년 9월,5
ARM,2016년 11월,1
ARM,2017년 2월,6
ARM,2017년 4월,8
ARM,2017년 7월,5
ARM,2017년 9월,5
ARM,2017년 10월,1
ARM,2017년 11월,5
ARM,2017년 12월,1
ARM,2018년 2월,1
ARM,2018년 3월,5
ARM,2018년 4월,4
ARM,2018년 5월,1
ARG,2015년 10월,1
ARG,2016년 1월,4
ARG,2016년 2월,4
ARG,2016년 4월,2
ARG,2016년 5월,5
ARG,2016년 6월,1
ARG,2016년 7월,3
ARG,2016년 11월,1
ARG,2016년 12월,1
ARG,2017년 2월,1
ARG,2017년 4월,18
ARG,2017년 5월,7
ARG,2017년 7월,2
ARG,2017년 8월,6
ARG,2017년 9월,2
ARG,2017년 10월,17
ARG,2017년 11월,15
ARG,2017년 12월,3
ARG,2018년 1월,1
ARG,2018년 2월,3
ARG,2018년 3월,4
ARG,2018년 5월,1
ARE,2015년 1월,2
ARE,2015년 3월,6
ARE,2015년 9월,1
ARE,2015년 11월,3
ARE,2016년 1월,3
ARE,2016년 3월,22
ARE,2016년 4월,2
ARE,2016년 6월,3
ARE,2016년 7월,1
ARE,2016년 8월,7
ARE,2016년 9월,4
ARE,2016년 11월,1
ARE,2016년 12월,2
ARE,2017년 1월,2
ARE,2017년 2월,35
ARE,2017년 3월,6
ARE,2017년 8월,13
ARE,2017년 9월,15
ARE,2017년 10월,18
ARE,2017년 11월,4
ARE,2017년 12월,2
ARE,2018년 1월,10
ARE,2018년 3월,3
ARE,2018년 4월,3
ARE,2018년 5월,2
ARE,2018년 6월,7
ALB,2016년 1월,4
ALB,2016년 3월,2
ALB,2016년 5월,4
ALB,2017년 3월,1
ALB,2017년 8월,1
ALB,2017년 9월,3
ALB,2018년 1월,5
AIA,2017년 9월,2
AGO,2015년 2월,2
AGO,2015년 4월,2
AGO,2015년 5월,2
AGO,2015년 6월,5
AGO,2015년 7월,4
AGO,2015년 8월,6
AGO,2015년 9월,4
AGO,2015년 11월,12
AGO,2015년 12월,18
AGO,2016년 3월,6
AGO,2016년 4월,7
AGO,2016년 5월,3
AGO,2016년 6월,2
AGO,2016년 7월,9
AGO,2016년 8월,21
AGO,2016년 9월,61
AGO,2016년 12월,3
AGO,2017년 1월,1
AGO,2017년 2월,4
AGO,2017년 3월,5
AGO,2017년 4월,8
AGO,2017년 5월,2
AGO,2017년 9월,2
AGO,2017년 10월,3
AGO,2017년 11월,14
AGO,2017년 12월,3
AGO,2018년 2월,4
AGO,2018년 3월,4
AGO,2018년 5월,6
AFR,2015년 2월,10
AFR,2015년 4월,11
AFR,2015년 5월,10
AFR,2015년 6월,9
AFR,2015년 7월,4
AFR,2015년 8월,6
AFR,2015년 9월,4
AFR,2015년 10월,5
AFR,2015년 11월,5
AFR,2015년 12월,15
AFR,2016년 1월,29
AFR,2016년 2월,12
AFR,2016년 3월,16
AFR,2016년 4월,3
AFR,2016년 5월,30
AFR,2016년 6월,33
AFR,2016년 7월,28
AFR,2016년 8월,16
AFR,2016년 9월,22
AFR,2016년 11월,8
AFR,2016년 12월,6
AFR,2017년 1월,19
AFR,2017년 2월,3
AFR,2017년 3월,59
AFR,2017년 4월,3
AFR,2017년 5월,13
AFR,2017년 6월,1
AFR,2017년 7월,7
AFR,2017년 8월,12
AFR,2017년 9월,49
AFR,2017년 10월,32
AFR,2017년 11월,20
AFR,2017년 12월,4
AFR,2018년 1월,25
AFR,2018년 2월,15
AFR,2018년 3월,112
AFR,2018년 4월,3
AFR,2018년 5월,8
AFR,2018년 6월,3
AFG,2015년 1월,3
AFG,2015년 3월,2
AFG,2015년 4월,1
AFG,2015년 8월,3
AFG,2015년 10월,3
AFG,2015년 12월,3
AFG,2016년 1월,13
AFG,2016년 2월,30
AFG,2016년 3월,1
AFG,2016년 5월,9
AFG,2016년 6월,4
AFG,2016년 7월,4
AFG,2016년 8월,3
AFG,2016년 10월,3
AFG,2016년 11월,8
AFG,2016년 12월,7
AFG,2017년 1월,4
AFG,2017년 2월,5
AFG,2017년 3월,10
AFG,2017년 4월,188
AFG,2017년 5월,14
AFG,2017년 6월,23
AFG,2017년 7월,14
AFG,2017년 8월,55
AFG,2017년 9월,128
AFG,2017년 10월,23
AFG,2017년 11월,16
AFG,2017년 12월,10
AFG,2018년 1월,3
AFG,2018년 2월,13
AFG,2018년 3월,10
AFG,2018년 4월,7
AFG,2018년 5월,8
NC,2015년 1월,1763
NC,2015년 2월,1375
NC,2015년 3월,2416
NC,2015년 4월,1790
NC,2015년 5월,2592
NC,2015년 6월,1384
NC,2015년 7월,1922
NC,2015년 8월,2879
NC,2015년 9월,1738
NC,2015년 10월,2154
NC,2015년 11월,2231
NC,2015년 12월,2236
NC,2016년 1월,5878
NC,2016년 2월,6857
NC,2016년 3월,6678
NC,2016년 4월,4555
NC,2016년 5월,3479
NC,2016년 6월,3119
NC,2016년 7월,2254
NC,2016년 8월,2940
NC,2016년 9월,4705
NC,2016년 10월,2554
NC,2016년 11월,1974
NC,2016년 12월,2259
NC,2017년 1월,2598
NC,2017년 2월,6944
NC,2017년 3월,8108
NC,2017년 4월,13080
NC,2017년 5월,8075
NC,2017년 6월,6807
NC,2017년 7월,7579
NC,2017년 8월,13186
NC,2017년 9월,14858
NC,2017년 10월,8351
NC,2017년 11월,9028
NC,2017년 12월,8067
NC,2018년 1월,5649
NC,2018년 2월,4787
NC,2018년 3월,8823
NC,2018년 4월,7142
NC,2018년 5월,14348
NC,2018년 6월,4497